date,belgium_bacton_zeebrugge_pipe_import,netherlands_balgzand_bacton_pipeline_import,norway_langeled_easington_pipeline_import,norway_via_FLAGS_st_fergus_pipeline_imports,norway_frigg_st_fergus_pipeline_imports,norway_SAGE_st_fergus_pipeline_imports,norway_CATS_teesside_pipeline_imports,norway_total_pipeline_imports,total_pipeline_imports,algeria_shipping_lng_imports,angola_shipping_lng_imports,australia_shipping_lng_imports,belgium_shipping_lng_imports,cameroon_shipping_lng_imports,chile_shipping_lng_imports,dominican_republic_shipping_lng_imports,egypt_shipping_lng_imports,equatorial_guinea_shipping_lng_imports,france_shipping_lng_imports,netherlands_shipping_lng_imports,nigeria_shipping_lng_imports,norway_shipping_lng_imports,oman_shipping_lng_imports,peru_shipping_lng_imports,qatar_shipping_lng_imports,russia_shipping_lng_imports,spain_shipping_lng_imports,trinidad_trobago_shipping_lng_imports,USA_shipping_lng_imports,yemen_shipping_lng_imports,total_shipping_lng_imports,total_imports
January 2000,0,0,0,0,1040,0,0,1040,1040,0,0,0,0,0,0,0,0,0,0,0,0,0,0,0,0,0,0,0,0,0,0,1040
February 2000,0,0,0,0,971,0,0,971,971,0,0,0,0,0,0,0,0,0,0,0,0,0,0,0,0,0,0,0,0,0,0,971
March 2000,0,0,0,0,1063,0,0,1063,1063,0,0,0,0,0,0,0,0,0,0,0,0,0,0,0,0,0,0,0,0,0,0,1063
April 2000,0,0,0,0,975,0,0,975,975,0,0,0,0,0,0,0,0,0,0,0,0,0,0,0,0,0,0,0,0,0,0,975
May 2000,0,0,0,0,859,0,0,859,859,0,0,0,0,0,0,0,0,0,0,0,0,0,0,0,0,0,0,0,0,0,0,859
June 2000,0,0,0,0,595,0,0,595,595,0,0,0,0,0,0,0,0,0,0,0,0,0,0,0,0,0,0,0,0,0,0,595
July 2000,0,0,0,0,549,0,0,549,549,0,0,0,0,0,0,0,0,0,0,0,0,0,0,0,0,0,0,0,0,0,0,549
August 2000,0,0,0,0,920,0,0,920,920,0,0,0,0,0,0,0,0,0,0,0,0,0,0,0,0,0,0,0,0,0,0,920
September 2000,0,0,0,0,993,0,0,993,993,0,0,0,0,0,0,0,0,0,0,0,0,0,0,0,0,0,0,0,0,0,0,993
October 2000,0,0,0,0,1105,0,0,1105,1105,0,0,0,0,0,0,0,0,0,0,0,0,0,0,0,0,0,0,0,0,0,0,1105
November 2000,351,0,0,0,1087,0,0,1087,1438,0,0,0,0,0,0,0,0,0,0,0,0,0,0,0,0,0,0,0,0,0,0,1438
December 2000,2604,0,0,0,1122,0,0,1122,3726,0,0,0,0,0,0,0,0,0,0,0,0,0,0,0,0,0,0,0,0,0,0,3726
January 2001,980,0,0,0,1063,0,0,1063,2043,0,0,0,0,0,0,0,0,0,0,0,0,0,0,0,0,0,0,0,0,0,0,2043
February 2001,1976,0,0,0,927,0,0,927,2903,0,0,0,0,0,0,0,0,0,0,0,0,0,0,0,0,0,0,0,0,0,0,2903
March 2001,124,0,0,0,883,0,0,883,1007,0,0,0,0,0,0,0,0,0,0,0,0,0,0,0,0,0,0,0,0,0,0,1007
April 2001,0,0,0,0,681,0,0,681,681,0,0,0,0,0,0,0,0,0,0,0,0,0,0,0,0,0,0,0,0,0,0,681
May 2001,0,0,0,0,719,0,0,719,719,0,0,0,0,0,0,0,0,0,0,0,0,0,0,0,0,0,0,0,0,0,0,719
June 2001,0,0,0,0,696,0,0,696,696,0,0,0,0,0,0,0,0,0,0,0,0,0,0,0,0,0,0,0,0,0,0,696
July 2001,0,0,0,0,0,0,0,0,0,0,0,0,0,0,0,0,0,0,0,0,0,0,0,0,0,0,0,0,0,0,0,0
August 2001,0,0,0,0,721,0,0,721,721,0,0,0,0,0,0,0,0,0,0,0,0,0,0,0,0,0,0,0,0,0,0,721
September 2001,0,0,0,0,699,0,0,699,699,0,0,0,0,0,0,0,0,0,0,0,0,0,0,0,0,0,0,0,0,0,0,699
October 2001,0,0,0,0,1557,0,0,1557,1557,0,0,0,0,0,0,0,0,0,0,0,0,0,0,0,0,0,0,0,0,0,0,1557
November 2001,0,0,0,0,1738,0,0,1738,1738,0,0,0,0,0,0,0,0,0,0,0,0,0,0,0,0,0,0,0,0,0,0,1738
December 2001,935,0,0,0,3050,0,0,3050,3985,0,0,0,0,0,0,0,0,0,0,0,0,0,0,0,0,0,0,0,0,0,0,3985
January 2002,4035,0,0,0,3120,0,0,3120,7155,0,0,0,0,0,0,0,0,0,0,0,0,0,0,0,0,0,0,0,0,0,0,7155
February 2002,1513,0,0,0,4171,0,0,4171,5684,0,0,0,0,0,0,0,0,0,0,0,0,0,0,0,0,0,0,0,0,0,0,5684
March 2002,0,0,0,0,4649,0,0,4649,4649,0,0,0,0,0,0,0,0,0,0,0,0,0,0,0,0,0,0,0,0,0,0,4649
April 2002,0,0,0,0,2202,0,0,2202,2202,0,0,0,0,0,0,0,0,0,0,0,0,0,0,0,0,0,0,0,0,0,0,2202
May 2002,0,0,0,0,743,0,0,743,743,0,0,0,0,0,0,0,0,0,0,0,0,0,0,0,0,0,0,0,0,0,0,743
June 2002,0,0,0,0,1504,0,0,1504,1504,0,0,0,0,0,0,0,0,0,0,0,0,0,0,0,0,0,0,0,0,0,0,1504
July 2002,755,0,0,0,1796,0,0,1796,2551,0,0,0,0,0,0,0,0,0,0,0,0,0,0,0,0,0,0,0,0,0,0,2551
August 2002,20,0,0,0,1701,0,0,1701,1721,0,0,0,0,0,0,0,0,0,0,0,0,0,0,0,0,0,0,0,0,0,0,1721
September 2002,0,0,0,0,1590,0,0,1590,1590,0,0,0,0,0,0,0,0,0,0,0,0,0,0,0,0,0,0,0,0,0,0,1590
October 2002,0,0,0,0,4411,0,0,4411,4411,0,0,0,0,0,0,0,0,0,0,0,0,0,0,0,0,0,0,0,0,0,0,4411
November 2002,0,0,0,0,6083,0,0,6083,6083,0,0,0,0,0,0,0,0,0,0,0,0,0,0,0,0,0,0,0,0,0,0,6083
December 2002,322,0,0,0,5916,0,0,5916,6238,0,0,0,0,0,0,0,0,0,0,0,0,0,0,0,0,0,0,0,0,0,0,6238
January 2003,0,0,0,0,6802,0,0,6802,6802,0,0,0,0,0,0,0,0,0,0,0,0,0,0,0,0,0,0,0,0,0,0,6802
February 2003,0,0,0,0,5940,0,0,5940,5940,0,0,0,0,0,0,0,0,0,0,0,0,0,0,0,0,0,0,0,0,0,0,5940
March 2003,0,0,0,0,6899,0,0,6899,6899,0,0,0,0,0,0,0,0,0,0,0,0,0,0,0,0,0,0,0,0,0,0,6899
April 2003,0,0,0,0,4615,0,0,4615,4615,0,0,0,0,0,0,0,0,0,0,0,0,0,0,0,0,0,0,0,0,0,0,4615
May 2003,0,0,0,0,5808,0,0,5808,5808,0,0,0,0,0,0,0,0,0,0,0,0,0,0,0,0,0,0,0,0,0,0,5808
June 2003,0,0,0,0,2947,0,0,2947,2947,0,0,0,0,0,0,0,0,0,0,0,0,0,0,0,0,0,0,0,0,0,0,2947
July 2003,0,0,0,0,4145,0,0,4145,4145,0,0,0,0,0,0,0,0,0,0,0,0,0,0,0,0,0,0,0,0,0,0,4145
August 2003,0,0,0,0,3714,0,0,3714,3714,0,0,0,0,0,0,0,0,0,0,0,0,0,0,0,0,0,0,0,0,0,0,3714
September 2003,0,0,0,0,2690,0,0,2690,2690,0,0,0,0,0,0,0,0,0,0,0,0,0,0,0,0,0,0,0,0,0,0,2690
October 2003,0,0,0,0,8745,0,0,8745,8745,0,0,0,0,0,0,0,0,0,0,0,0,0,0,0,0,0,0,0,0,0,0,8745
November 2003,344,0,0,0,8946,0,0,8946,9290,0,0,0,0,0,0,0,0,0,0,0,0,0,0,0,0,0,0,0,0,0,0,9290
December 2003,4043,0,0,685,9817,0,0,10502,14545,0,0,0,0,0,0,0,0,0,0,0,0,0,0,0,0,0,0,0,0,0,0,14545
January 2004,6478,0,0,681,9492,0,0,10173,16651,0,0,0,0,0,0,0,0,0,0,0,0,0,0,0,0,0,0,0,0,0,0,16651
February 2004,5767,0,0,835,8703,0,0,9538,15305,0,0,0,0,0,0,0,0,0,0,0,0,0,0,0,0,0,0,0,0,0,0,15305
March 2004,2230,0,0,752,9680,0,0,10432,12662,0,0,0,0,0,0,0,0,0,0,0,0,0,0,0,0,0,0,0,0,0,0,12662
April 2004,0,0,0,853,4535,0,0,5388,5388,0,0,0,0,0,0,0,0,0,0,0,0,0,0,0,0,0,0,0,0,0,0,5388
May 2004,0,0,0,913,5407,0,0,6320,6320,0,0,0,0,0,0,0,0,0,0,0,0,0,0,0,0,0,0,0,0,0,0,6320
June 2004,0,0,0,890,2460,0,0,3350,3350,0,0,0,0,0,0,0,0,0,0,0,0,0,0,0,0,0,0,0,0,0,0,3350
July 2004,0,0,0,984,5258,0,0,6242,6242,0,0,0,0,0,0,0,0,0,0,0,0,0,0,0,0,0,0,0,0,0,0,6242
August 2004,0,0,0,717,4236,0,0,4953,4953,0,0,0,0,0,0,0,0,0,0,0,0,0,0,0,0,0,0,0,0,0,0,4953
September 2004,224,0,0,1016,3785,0,0,4801,5025,0,0,0,0,0,0,0,0,0,0,0,0,0,0,0,0,0,0,0,0,0,0,5025
October 2004,2507,0,0,986,7396,0,0,8382,10889,0,0,0,0,0,0,0,0,0,0,0,0,0,0,0,0,0,0,0,0,0,0,10889
November 2004,3499,0,0,915,11445,0,0,12360,15859,0,0,0,0,0,0,0,0,0,0,0,0,0,0,0,0,0,0,0,0,0,0,15859
December 2004,4887,0,0,1060,12360,0,0,13420,18307,0,0,0,0,0,0,0,0,0,0,0,0,0,0,0,0,0,0,0,0,0,0,18307
January 2005,4404,0,0,917.63,12102.08,0,0,13019.71,17423.71,0,0,0,0,0,0,0,0,0,0,0,0,0,0,0,0,0,0,0,0,0,0,17423.71
February 2005,4517,0,0,530.88,11424.79,0,0,11955.67,16472.67,0,0,0,0,0,0,0,0,0,0,0,0,0,0,0,0,0,0,0,0,0,0,16472.67
March 2005,1003,0,0,1192.59,12053.66,0,0,13246.24,14249.24,0,0,0,0,0,0,0,0,0,0,0,0,0,0,0,0,0,0,0,0,0,0,14249.24
April 2005,0,0,0,472.72,11467.43,0,0,11940.15,11940.15,0,0,0,0,0,0,0,0,0,0,0,0,0,0,0,0,0,0,0,0,0,0,11940.15
May 2005,0,0,0,934.21,11027.52,0,0,11961.73,11961.73,0,0,0,0,0,0,0,0,0,0,0,0,0,0,0,0,0,0,0,0,0,0,11961.73
June 2005,0,0,0,431.35,232.79,0,0,664.14,664.14,0,0,0,0,0,0,0,0,0,0,0,0,0,0,0,0,0,0,0,0,0,0,664.14
July 2005,39,0,0,647.42,4490.19,0,0,5137.61,5176.61,0,0,0,0,0,0,0,0,0,0,0,0,0,0,0,0,0,0,0,0,0,0,5176.61
August 2005,1232,0,0,784.74,12032.37,0,0,12817.11,14049.11,875.4,0,0,0,0,0,0,0,0,0,0,0,0,0,0,0,0,0,0,0,0,875.4,14924.51
September 2005,0,0,0,791.16,10826.39,0,0,11617.56,11617.56,349.23,0,0,0,0,0,0,0,0,0,0,0,0,0,0,0,0,0,0,0,0,349.23,11966.79
October 2005,405,0,0,338.44,10100.44,0,0,10438.89,10843.89,479.25,0,0,0,0,0,0,0,0,0,0,0,0,0,0,0,0,0,0,0,0,479.25,11323.14
November 2005,6067,0,0,586.7,11616.62,0,0,12203.32,18270.32,732.37,0,0,0,0,0,0,0,0,0,0,0,0,0,0,0,0,0,0,0,0,732.37,19002.69
December 2005,6441,0,0,467.26,12424.03,0,0,12891.29,19332.29,2139.77,0,0,0,0,0,0,0,0,0,0,0,0,0,0,0,0,0,878.35,0,0,3018.12,22350.41
January 2006,7685,0,0,313.01,11914.34,0,0,12227.35,19912.35,2333.43,0,0,0,0,0,0,0,0,0,0,0,0,0,0,0,0,0,750.21,0,0,3083.64,22995.99
February 2006,10569,0,0,561.41,10434.48,0,0,10995.88,21564.88,913.79,0,0,0,0,0,0,881.19,0,0,0,0,0,0,0,0,0,0,1736.43,0,0,3531.42,25096.3
March 2006,8406,0,0,510.56,10742,0,0,11252.56,19658.56,2634.22,0,0,0,0,0,0,1595.68,0,0,0,0,0,0,0,0,0,0,0,0,0,4229.9,23888.46
April 2006,998,0,0,346.97,9681.82,0,0,10028.79,11026.79,1917.42,0,0,0,0,0,0,1901.31,0,0,0,0,0,0,0,0,0,0,0,0,0,3818.74,14845.53
May 2006,0,0,0,756.54,9391,0,0,10147.54,10147.54,1795.32,0,0,0,0,0,0,0,0,0,0,0,0,0,0,0,0,0,0,0,0,1795.32,11942.86
June 2006,0,0,0,67.4,4684.92,0,0,4752.32,4752.32,1809.77,0,0,0,0,0,0,0,0,0,0,0,0,0,0,0,0,0,0,0,0,1809.77,6562.09
July 2006,436,0,0,121.35,10357.26,0,0,10478.61,10914.61,1160.18,0,0,0,0,0,0,0,0,0,0,0,0,0,0,0,0,0,1127.27,0,0,2287.45,13202.06
August 2006,335,0,0,42.34,9595.33,0,0,9637.68,9972.68,1585.42,0,0,0,0,0,0,1544.13,0,0,0,0,0,0,0,0,0,0,0,0,0,3129.55,13102.23
September 2006,0,0,938.42,289.47,9224.1,0,0,10451.99,10451.99,480.2,0,0,0,0,0,0,1151.24,0,0,0,0,0,0,0,0,0,0,0,0,0,1631.44,12083.43
October 2006,0,0,11491.15,144.36,5675,0,0,17310.52,17310.52,1624.43,0,0,0,0,0,0,1670.29,0,0,0,0,0,0,0,778.98,0,0,0,0,0,4073.69,21384.21
November 2006,849,738,15240.77,69.54,8435.03,0,0,23745.35,25332.35,2365.5,0,0,0,0,0,0,1702.28,0,0,0,0,0,0,0,0,0,0,0,0,0,4067.78,29400.13
December 2006,1227,8397,16280.13,90.61,9635.46,0,0,26006.21,35630.21,2097.85,0,0,0,0,0,0,2019.32,0,0,0,0,0,0,0,0,0,0,0,0,0,4117.18,39747.38
January 2007,2006,8247.31,15180.99,182.01,8315.51,0,0,23678.5,33931.81,1624.99,0,0,0,0,0,0,774.01,0,0,0,0,0,0,0,850.58,0,0,780.95,0,0,4030.52,37962.33
February 2007,1469,7212.19,15941.96,251.47,9566,0,0,25759.43,34440.62,1595.42,0,0,0,0,0,0,806.21,0,0,0,0,0,0,0,762.41,0,0,41.96,0,0,3205.99,37646.62
March 2007,5,7957.52,17060.14,14.18,10230.01,0,0,27304.33,35266.85,0,0,0,0,0,0,0,0,0,0,0,0,0,0,0,907.72,0,0,0,0,0,907.72,36174.56
April 2007,0,7020.75,15426.34,504.73,6516.24,0,0,22447.31,29468.06,79.13,0,0,0,0,0,0,36.08,0,0,0,0,0,0,0,57.55,0,0,17.83,0,0,190.59,29658.65
May 2007,0,4002.16,7958.87,425.02,4014.85,0,0,12398.74,16400.9,122.21,0,0,0,0,0,0,55.72,0,0,0,0,0,0,0,88.88,0,0,27.54,0,0,294.35,16695.25
June 2007,477,3904.34,7671.55,93.3,2592.28,0,0,10357.13,14738.47,176,0,0,0,0,0,0,79,0,0,0,0,0,0,0,26,0,0,0,0,0,281,15019.48
July 2007,0,4011.59,5811.44,346.79,4069.05,0,0,10227.28,14238.87,245.61,0,0,0,0,0,0,0,0,0,0,0,0,0,0,0,0,0,0,0,0,245.61,14484.49
August 2007,60,4039.2,7886.82,170.94,4556.13,0,0,12613.89,16713.09,243,0,0,0,0,0,0,0,0,0,0,0,0,0,0,0,0,0,0,0,0,243,16956.08
September 2007,8,2760.52,9801.05,391.4,4067.27,0,0,14259.72,17028.24,308,0,0,0,0,0,0,0,0,0,0,0,0,0,0,0,0,0,0,0,0,308,17336.24
October 2007,308,4079.33,14740.5,2085.12,8171.28,0,0,24996.9,29384.23,570.55,0,0,0,0,0,0,0,0,0,0,0,0,0,0,0,0,0,204.33,0,0,774.88,30159.11
November 2007,338.65,11103.53,11077.61,2700.33,5180.1,0,0,18958.04,30400.22,924.73,0,0,0,0,0,0,0,0,0,0,0,0,0,0,0,0,0,1631.84,0,0,2556.57,32956.8
December 2007,1799.51,12263.98,11781.88,3163.5,7816.76,0,0,22762.14,36825.63,715.57,0,0,0,0,0,0,0,0,0,0,0,0,0,0,0,0,0,1149.35,0,0,1864.92,38690.55
January 2008,4855.98,11996.11,15314.21,3138.07,5909.67,0,0,24361.95,41214.04,1211.17,0,0,0,0,0,0,0,0,0,0,0,0,0,0,0,0,0,663.21,0,0,1874.38,43088.41
February 2008,1787.96,10564.68,16498.81,2613.49,8862.53,0,0,27974.82,40327.46,98.35,0,0,0,0,0,0,0,0,0,0,0,0,0,0,0,0,0,30.71,0,0,129.07,40456.53
March 2008,1885.01,11202.14,18006.75,2193.34,9948.86,0,0,30148.94,43236.09,69.12,0,0,0,0,0,0,0,0,0,0,0,0,0,0,0,0,0,21.58,0,0,90.7,43326.79
April 2008,3000.02,9155.84,12110.45,1781.08,8703.1,0,0,22594.63,34750.49,369.46,0,0,0,0,0,0,0,0,0,0,0,0,0,0,0,0,0,214.17,0,0,583.63,35334.11
May 2008,292.53,5976.57,7800.64,2164.33,7207.84,0,0,17172.81,23441.91,283.19,0,0,0,0,0,0,0,0,0,0,0,0,0,0,0,0,0,0,0,0,283.19,23725.1
June 2008,0,5656.7,7386.54,2029.64,3390.97,0,0,12807.15,18463.85,94.4,0,0,0,0,0,0,0,0,0,0,0,0,0,0,0,0,0,0,0,0,94.4,18558.24
July 2008,8.86,5723.91,18293.81,2204.99,5872.79,54.74,0,26426.33,32159.1,234.47,0,0,0,0,0,0,0,0,0,0,0,0,0,0,0,0,0,0,0,0,234.47,32393.56
August 2008,0,5336.82,13434.81,729.4,921.81,343.05,0,15429.08,20765.9,0,0,0,0,0,0,0,0,0,0,0,0,0,0,0,0,0,0,177.61,0,0,177.61,20943.51
September 2008,0,3175.11,9028.95,1987.4,392.01,427.86,0,11836.23,15011.34,0,0,0,0,0,0,0,0,0,0,0,0,0,0,0,0,0,0,384.5,0,0,384.5,15395.84
October 2008,0,5240.88,17941.55,2645.06,10423.66,272.19,0,31282.46,36523.34,0,0,0,0,0,0,0,0,0,0,0,0,0,0,0,0,0,0,805.32,0,0,805.32,37328.67
November 2008,12.84,8010.77,18751.85,2168.38,9641.49,272.39,0,30834.11,38857.72,645.4,0,0,0,0,0,0,0,0,0,0,0,0,0,0,0,0,0,1348.43,0,0,1993.83,40851.55
December 2008,330.92,8523.56,20973.23,2357.32,10892.85,490.47,0,34713.86,43568.34,154.28,0,0,0,0,0,0,0,0,0,0,0,0,0,0,0,0,0,2240.11,0,0,2394.39,45962.73
January 2009,69.46,9017.96,18979.44,2245.01,10987.83,418.01,110.23,32740.53,41827.95,1235.27,0,0,0,0,0,0,649.31,0,0,0,0,0,0,0,1540.56,0,0,1115.55,0,0,4540.7,46368.65
February 2009,1076.72,8389.91,20097.37,2042.95,9226.2,550.73,546.14,32463.39,41930.02,1279.13,0,0,0,0,0,0,264.03,0,0,0,0,0,0,0,1112.88,0,0,1395.31,0,0,4051.35,45981.38
March 2009,318.09,8015.49,21808.09,2401.73,11207.74,668.11,730.92,36816.59,45150.17,744.38,0,0,0,0,0,0,0,0,0,0,0,0,0,0,466.12,0,0,3620.25,0,0,4830.75,49980.92
April 2009,0,7535.64,14275.18,1617.82,5684.5,510.77,287.63,22375.89,29911.53,443.24,0,0,0,0,0,0,0,0,0,0,0,466.13,0,0,3568.37,0,0,1770.63,0,0,6248.37,36159.91
May 2009,0,3852.95,10566.52,1686.51,4581.63,387.51,502.95,17725.12,21578.07,763.37,0,578.02,0,0,0,0,0,0,0,0,0,494.06,0,0,4291.9,0,0,545.33,0,0,6672.67,28250.75
June 2009,0,2590.64,8336.38,1714.57,518.53,661.71,549.92,11781.1,14371.74,926.3,0,1223.68,0,0,0,0,0,0,0,0,0,0,0,0,2164.9,0,0,1789.32,0,0,6104.19,20475.93
July 2009,0,2357.18,6958.64,1793.95,194.23,678.86,299.72,9925.4,12282.58,1388.1,0,0,0,0,0,0,0,0,0,0,0,244.28,0,0,5267.85,0,0,1769.54,0,0,8669.77,20952.36
August 2009,58.98,3720.29,12839.64,1023.69,561.96,449.89,191.95,15067.13,18846.4,1289.57,0,0,0,0,0,0,0,0,0,0,0,232.3,0,0,8139.5,0,0,676.68,0,0,10338.05,29184.45
September 2009,0,1199.87,15193.86,1515.96,386.14,638.28,919.23,18653.47,19853.34,1543.49,0,0,0,0,0,0,71.08,0,0,0,0,0,0,0,9699.11,0,0,0,0,0,11313.68,31167.02
October 2009,0,2448.67,15637.04,2183.29,1148.88,795.4,754.06,20518.66,22967.33,3590.32,0,0,0,0,0,0,912.92,0,0,0,0,0,0,0,11155.2,0,0,0,0,0,15658.45,38625.78
November 2009,1145.42,9241.37,15458.54,2059.76,7691.31,653.7,1266.7,27130.01,37516.8,2122.13,0,0,0,0,0,0,0,0,0,0,0,0,0,0,12395.09,0,0,0,0,0,14517.21,52034.02
December 2009,5276.56,11158.58,19795.58,2186.39,5830.65,515.69,1307.14,29635.45,46070.59,2085.29,0,0,0,0,0,0,0,0,0,0,0,0,0,0,16256.47,0,0,950.58,0,0,19292.33,65362.93
January 2010,4236.13,10978.39,20713.79,1882.9,11074.28,594.26,784.53,35049.76,50264.28,953.57,0,0,0,0,0,0,0,0,0,0,0,1653.06,0,0,13922.66,0,0,1350.53,0,0,17879.83,68144.12
February 2010,1396.6,9340.23,19151.13,1757.77,8637.42,580.47,1209.84,31336.64,42073.47,1397.71,0,0,0,0,0,0,0,0,0,0,0,1340.54,0,0,12142.96,0,0,687.82,0,0,15569.03,57642.51
March 2010,126.29,9716.8,20693.56,2224.38,8202.26,665.93,1235.41,33021.54,42864.63,2263.26,0,0,0,0,0,0,0,0,0,0,0,1215.89,0,0,11368.75,0,0,456.93,0,0,15304.82,58169.45
April 2010,0,7704.48,15347.46,2342.03,1043.79,702.32,1388.66,20824.26,28528.74,1607.36,0,0,0,0,0,0,0,0,0,0,0,1926.91,0,0,15107.44,0,0,1140.82,0,0,19782.53,48311.27
May 2010,0,5536.33,12952.42,2137.66,4359.46,715.66,1337.27,21502.47,27038.8,1752.07,0,0,0,0,0,0,0,0,0,0,0,0.29,0,0,10936.22,0,0,4794.15,0,1008.61,18491.34,45530.14
June 2010,0,4717.69,15524.4,1769.36,5780.92,718.52,0.74,23793.94,28511.63,714.03,0,0,0,0,0,0,0,0,0,0,1041.17,0,0,0,6173.94,0,0,2353.91,0,649.21,10932.25,39443.89
July 2010,0,4966.83,11227.57,1740.34,1045.03,758.59,1163.18,15934.71,20901.54,179.97,0,0,0,0,0,0,0,0,0,0,2023.4,141.11,0,0,7129.03,0,0,1636.43,0,163,11272.96,32174.49
August 2010,0,4322.83,10404.05,1681.72,129.19,767.05,1261.99,14244.01,18566.84,861.45,0,0,0,0,0,0,457.12,0,0,0,572.2,663.59,0,0,11491.31,0,0,2057.26,0,0,16102.93,34669.76
September 2010,0,4423.61,5124.11,1645.1,109.34,720.86,1248.99,8848.4,13272.01,802.34,0,0,0,0,0,0,-0.49,0,0,0,0,0,0,0,16317.91,0,0,0.44,0,0,17120.2,30392.2
October 2010,0,5942.11,20381.59,1534,2158.05,779.76,1421.79,26275.2,32217.31,14.69,0,0,0,0,0,0,824.85,0,0,0,0,0,0,0,18403.28,0,0,0,0,0,19242.83,51460.13
November 2010,952.07,9547.98,20076.3,2307.03,5939.29,552.89,1304.94,30180.45,40680.5,0,0,0,0,0,0,0,0.21,0,0,0,0,0,0,0,19352.11,0,0,1527.88,0,0,20880.2,61560.7
December 2010,6857.1,9922.69,22684.32,2397.56,10627.07,758.75,1252.16,37719.85,54499.64,1150.48,0,0,0,0,0,0,0,0,0,0,92.38,2096.13,0,0,20038.22,0,0,889.87,0,0,24267.08,78766.72
January 2011,3284.29,10302.69,19578.21,2756.79,4853.47,789.86,938.24,28916.58,42503.56,0,0,0,0,0,0,0,0,0,0,0,2652.11,1197.42,0,0,19565.9,0,0,2425.64,1426.19,844.78,28112.05,70615.6
February 2011,247.29,5837.26,17821.62,3211.12,2899.67,790.71,714.8,25437.92,31522.47,1225.4,0,0,0,0,0,0,0,0,0,0,2123.99,0,0,0,17143.9,0,0,147.1,149.42,2346.88,23136.26,54658.74
March 2011,435.95,2238.73,20276.31,3782.96,1696.9,827.54,817.52,27401.22,30075.9,0,0,0,0,0,0,0,0,0,0,0,2538.69,0,0,0,22592.07,0,0,2470.78,0,695.29,28296.83,58372.74
April 2011,0,5267.1,8201.05,3546.26,258.07,786.48,651.97,13443.83,18710.93,1460.83,0,0,0,0,0,0,771.05,0,0,0,3268.15,6298.08,0,0,17774.88,0,0,62.82,0,1189.81,30825.6,49536.53
May 2011,0,5673.89,6861.59,3467.2,164.95,433.24,596.99,11523.98,17197.87,0,0,0,0,0,0,0,119.3,0,0,0,1219.19,297.37,0,0,26438.61,0,0,437.95,0,0,28512.42,45710.29
June 2011,0,4146.98,4494.28,3321.57,430.86,776.78,390.91,9414.4,13561.38,0,0,0,0,0,0,0,0,0,0,0,1223.37,0,0,0,21815.88,0,0,359.15,0,0,23398.39,36959.78
July 2011,0,4384.65,10073.52,3443.5,1018.49,827,0,15362.51,19747.16,0,0,0,0,0,0,0,0,0,0,0,0.44,0,0,0,20204.94,0,0,0,0,1444.47,21649.85,41397.02
August 2011,0,3888.8,13927.48,3501.38,1906.44,680.15,0,20015.45,23904.25,0,0,0,0,0,0,0,0,0,0,0,0,0,0,0,20700.04,0,0,0,0,0,20700.04,44604.29
September 2011,0,5337.19,9658.78,3461.44,780.89,796.83,0,14697.95,20035.14,0,0,0,0,0,0,0,0,0,0,0,0,0,0,0,18463.86,0,0,0,0,0,18463.86,38498.99
October 2011,0,6198.48,13735.12,3035.82,2432.37,867.28,666.78,20737.37,26935.85,0,0,0,0,0,0,0,0,0,0,0,0,0,0,0,20159.81,0,0,0,0,0,20159.81,47095.66
November 2011,0,7205.59,21566.03,1317.96,5484.44,902.31,590.69,29861.42,37067.01,0,0,0,0,0,0,0,0,0,0,0,0,0,0,0,13602.02,0,0,0,0,0,13602.02,50669.03
December 2011,64.07,8519.73,19375.53,2430.73,9420.85,1010.95,591.85,32829.91,41413.71,0,0,0,0,0,0,0,0,0,0,0,0,2321.54,0,0,15615.56,0,0,0,0,0,17937.1,59350.81
January 2012,211.47,9255.58,22804.39,5070.02,7455.15,967.99,451.8,36749.35,46216.4,0,0,0,0,0,0,0,0,0,0,0,0,1734.64,0,0,11624.15,0,0,0,0,0,13358.79,59575.19
February 2012,129.43,9276.24,22074.63,4619.5,6302.94,789.4,454.82,34241.29,43646.96,0,0,0,0,0,0,0,0,0,0,0,0,0,0,0,12722.91,0,0,0,0,0,12722.91,56369.87
March 2012,0,8438.3,20053.11,5118.46,3251.27,1059.71,408.53,29891.07,38329.37,0,0,0,0,0,0,0,0,0,0,0,0,0,0,0,13142.75,0,0,0,0,0,13142.75,51472.12
April 2012,0,7449,11832.32,4899.4,1748.57,1016.54,621.45,20118.28,27567.28,468.32,0,0,0,0,0,0,0,0,0,0,0,0,0,0,19285.89,0,0,0,0,0,19754.21,47321.49
May 2012,121.53,5562,11891.66,4862.95,2479.93,974.98,512.36,20721.88,26405.41,0,0,0,0,0,0,0,0,0,0,0,44.77,0,0,0,15945.55,0,0,0,0,0,15990.32,42395.73
June 2012,0,4593.46,10746.35,4297.14,988.63,858.8,377.81,17268.73,21862.19,320.2,0,0,0,0,0,0,0,0,0,0,85.26,0,0,0,11926.32,0,0,0,0,0,12331.78,34193.97
July 2012,0,4765.66,15894.67,5047.45,1386.04,958.83,666.17,23953.15,28718.81,523.2,0,0,0,0,0,0,0,0,0,0,331.91,0,0,0,7414.82,0,0,0,0,0,8269.93,36988.74
August 2012,0,3630.49,6236.33,3487.61,1029.55,1021.64,490.92,12266.05,15896.54,0,0,0,0,0,0,0,0,0,0,0,0,0,0,0,19115.7,0,0,0,0,0,19115.7,35012.24
September 2012,66,1921.24,11490.03,2749.06,5.23,982.05,251.21,15477.57,17464.81,0,0,0,0,0,0,0,144.72,0,0,0,13.16,0,0,0,7679.9,0,0,0,0,0,7837.79,25302.6
October 2012,3386.32,5992.33,20087.07,4309.53,4631.92,872.03,521.02,30421.57,39800.22,0,0,0,0,0,0,0,0,0,0,0,0,0,0,0,4928.09,0,0,0,0,0,4928.09,44728.32
November 2012,5810.69,7497.17,22252.94,3287.48,5531.24,995.63,475.8,32543.1,45850.96,0,0,0,0,0,0,0,0,0,0,0,0,0,0,0,9260.78,0,0,0,0,0,9260.78,55111.74
December 2012,4538.18,9877,22620,5750.72,8292.52,982.47,438.47,38084.18,52499.36,0,0,0,0,0,0,0,0,0,0,0,0,0,0,0,13384.63,0,0,0,0,0,13384.63,65883.99
January 2013,4475.76,10394.49,22710.93,5693.21,8340.46,974.27,398.08,38116.95,52987.2,0,0,0,0,0,0,0,0,0,0,0,0,0,0,0,7147.21,0,0,0,0,0,7147.21,60134.41
February 2013,5454.73,10068.94,20782.32,5300.06,6622.59,829.97,240.42,33775.36,49299.03,546.27,0,0,0,0,0,0,209.09,0,0,0,0,0,0,0,4021.92,0,0,0,0,0,4777.28,54076.32
March 2013,17984.45,10249.96,21962.82,5271.29,8140.55,998.61,293.46,36666.74,64901.15,1272.09,0,0,0,0,0,0,545.81,0,0,0,0,0,0,0,2483.76,0,0,0,0,0,4301.66,69202.81
April 2013,1557.18,7087.09,19091.97,6048.48,5540.25,920.97,253.55,31855.22,40499.49,108.61,0,0,0,0,0,0,0,0,0,0,0,0,0,0,12621.9,0,0,27.41,0,0,12757.92,53257.41
May 2013,21.43,5898.04,9408.66,5890.24,1495.36,920.98,222.33,17937.57,23857.04,468.14,0,0,0,0,0,0,0,0,0,0,0,0,0,0,15354.16,0,0,79.17,0,0,15901.47,39758.52
June 2013,0,2917,10081.27,5907.25,2506.21,934.99,176.66,19606.38,22523.38,627.91,0,0,0,0,0,0,0,0,0,0,0,0,0,0,14845.51,0,0,62.93,0,0,15536.35,38059.72
July 2013,0,3924.79,8319.11,6197.29,1370.82,889.87,121.25,16898.35,20823.14,338.21,0,0,0,0,0,0,0,0,0,0,0,0,0,0,7716.03,0,0,0,0,0,8054.24,28877.37
August 2013,231.29,3421.94,5700.06,5594.2,2021.37,546.26,0.11,13862,17515.23,932.88,0,0,0,0,0,0,0,0,0,0,0,95.98,0,0,5437.36,0,0,43.65,0,0,6509.85,24025.08
September 2013,44.11,3166.63,9287.58,6301.91,1051.29,822.94,178.15,17641.87,20852.61,197.59,0,0,0,0,0,0,0,0,0,0,0,779.48,0,0,3886.44,0,0,0,0,0,4863.51,25716.11
October 2013,84.07,4330.03,15523.87,5747.43,1392.21,937.27,262.73,23863.51,28277.61,0,0,0,0,0,0,0,0,0,0,0,0,192.7,0,0,6932.18,0,0,239.61,0,0,7364.48,35642.1
November 2013,2803.11,9707.48,19768.62,6296.62,4795.97,898.89,103.5,31863.61,44374.2,0,0,0,0,0,0,0,0,0,0,0,0,0,0,0,10738.97,0,0,648.73,0,0,11387.7,55761.9
December 2013,2710.72,10353.02,22657.04,6508.22,6188.24,954.23,238.28,36546.01,49609.75,0,0,0,0,0,0,0,0,0,0,0,0,0,0,0,4018.66,0,0,0,0,0,4018.66,53628.41
January 2014,2085.97,11734.06,23845.43,5970.24,4304.96,736.73,236.48,35093.84,48913.87,1332.61,0,0,0,0,0,0,0,0,0,0,0,0,0,0,2232.93,0,0,0,0,0,3565.53,52479.39
February 2014,372.87,9672.52,21068.29,5726.67,4041.5,842.26,332.21,32010.92,42056.31,0,0,0,0,0,0,0,0,0,0,0,0,0,0,0,3298.79,0,0,510.55,0,0,3809.33,45865.64
March 2014,759.62,8383.2,19709.56,6578.61,2434.56,902.88,335.06,29960.67,39103.49,922.04,0,0,0,0,0,0,0,0,0,0,0,0,0,0,3948.43,0,0,665.84,0,0,5536.32,44639.8
April 2014,0,7214.43,9038,6177.94,404.38,843.7,510.65,16974.68,24189.11,0,0,0,0,0,0,0,0,0,0,0,0,0,0,0,12646.93,0,0,0,0,0,12646.93,36836.04
May 2014,0,3508.09,7076.81,6427.39,29.1,916.19,268.54,14718.02,18226.11,0,0,0,0,0,0,0,0,0,0,0,0,0,0,0,16724.1,0,0,0,0,0,16724.1,34950.21
June 2014,0,3948.58,5921.45,6270.27,1625.55,843.21,359.74,15020.23,18968.81,0,0,0,0,0,0,0,0,0,0,0,0,0,0,0,14602.44,0,0,0,0,0,14602.44,33571.24
July 2014,0,2425.16,5366.53,6660.29,264.57,838.8,248.48,13378.67,15803.83,915.84,0,0,0,0,0,0,0,0,0,0,0,0,0,0,14966.1,0,0,0,0,0,15881.94,31685.77
August 2014,0,2095.2,5697.87,4474.67,308.7,825.05,100.06,11406.35,13501.55,0,0,0,0,0,0,0,0,0,0,0,0,0,0,0,15038.78,0,0,0,0,0,15038.78,28540.33
September 2014,0,4609.89,8247.56,6320.55,403.07,410.1,242.33,15623.61,20233.5,183.44,0,0,0,0,0,0,0,0,0,0,478.07,0,0,0,8342.2,0,0,226.49,0,0,9230.2,29463.71
October 2014,0,4230.95,20194.7,6464.51,1136.33,794.64,124.92,28715.1,32946.05,582.06,0,0,0,0,0,0,0,0,0,0,55.83,0,0,0,3479.42,0,0,343.42,0,0,4460.73,37406.78
November 2014,344.37,4862.45,21156.54,6076.93,1180.17,742.8,0,29156.44,34363.26,1838.34,0,0,0,0,0,0,0,0,0,0,0,0,0,0,8574.85,0,0,711.02,0,0,11124.21,45487.47
December 2014,385.75,7608.08,22909.34,7883.29,5152.05,814.31,0,36758.99,44752.82,0,0,0,0,0,0,0,0,0,0,0,0,0,0,0,9742.49,0,0,1546.86,0,0,11289.35,56042.17
January 2015,773.1,9338.69,19667.96,7538.06,4041.3,770.87,0,32018.19,42129.98,0,0,0,0,0,0,0,0,0,0,0,0,0,0,0,10117.31,0,0,1810.09,0,0,11927.4,54057.38
February 2015,1104.36,7124.46,20059.54,6191.5,6501.43,718.18,0,33470.64,41699.46,0,0,0,0,0,0,0,0,0,0,0,0,0,0,0,8323.89,0,0,950.04,0,0,9273.93,50973.39
March 2015,236.74,6133.26,18313.74,7691.35,4309.63,727,0,31041.71,37411.71,1260.4,0,0,0,0,0,0,0,0,0,0,0,601.12,0,0,11946.21,0,0,608.97,0,0,14416.7,51828.41
April 2015,2,523.34,9910.9,7832.44,3151.43,663.86,81.45,21640.07,22165.41,0,0,0,0,0,0,0,0,0,0,0,0,0,0,0,10255.82,0,0,0,0,0,10255.82,32421.23
May 2015,0,322.82,7489.46,6272.98,2839.09,575.8,141.54,17318.86,17641.68,0,0,0,0,0,0,0,0,0,0,0,0,0,0,0,16466.44,0,0,0,0,0,16466.44,34108.13
June 2015,0,2449.96,5047.98,7016.73,2650.18,661.93,236.02,15612.84,18062.8,0,0,0,0,0,0,0,0,0,0,0,0,0,0,0,9858.28,0,0,0,0,0,9858.28,27921.09
July 2015,0,130.11,9053.32,6853.7,3463.2,630.81,268.04,20269.07,20399.18,917.53,0,0,0,0,0,0,0,0,0,0,0,0,0,0,10711.28,0,0,0,0,0,11628.81,32027.99
August 2015,0,5.43,12781.91,6937.83,1920.96,656.22,200.45,22497.37,22502.8,0,0,0,0,0,0,0,0,0,0,0,0,0,0,0,14693.14,0,0,0,0,0,14693.14,37195.94
September 2015,0,128.88,14379.67,6802.21,528.38,628.52,28,22366.79,22495.67,1715.94,0,0,0,0,0,0,0,0,0,0,436.45,0,0,0,10732.61,0,0,0,0,0,12885,35380.66
October 2015,0,113.4,17066.64,7957.6,3217.51,658.85,175.68,29076.28,29189.68,422.61,0,0,0,0,0,0,0,0,0,0,0,0,0,0,15390.45,0,0,444.79,0,0,16257.84,45447.52
November 2015,0,3230.32,17317.75,7584.5,5420.75,423.66,102.13,30848.79,34079.11,490.3,0,0,0,0,0,0,0,0,0,0,0,0,0,0,14152.15,0,0,330.18,0,0,14972.63,49051.74
December 2015,0,6432.19,17825.44,8365.11,4770.62,644.8,175.95,31781.92,38214.11,0,0,0,0,0,0,0,0,0,0,0,0,0,0,0,8901.64,0,0,868.84,0,0,9770.48,47984.6
January 2016,249.38,7177.84,20438.94,8609.55,3963.07,974.57,0,33986.13,41413.35,245.29,0,0,0,0,0,0,0,0,0,0,0,552.15,0,0,7156.43,0,0,0,0,0,7953.87,49367.22
February 2016,227.98,6728.77,19711.11,7102.78,3372.5,922.85,218.27,31327.51,38284.26,160.75,0,0,0,0,0,0,0,0,0,0,0,361.86,0,0,7989.55,0,0,519.08,0,0,9031.25,47315.51
March 2016,359.09,8486.96,22619.86,8731.83,4178.08,966.99,296.99,36793.75,45639.8,578.86,0,0,0,0,0,0,0,0,0,0,0,0,0,0,9198.09,0,0,902.63,0,0,10679.59,56319.39
April 2016,0,4918.99,15619.32,8690.65,4301.11,919.12,258.26,29788.47,34707.46,0,0,0,0,0,0,0,0,0,0,0,0,0,0,0,11872.53,0,0,0,0,0,11872.53,46579.99
May 2016,0,249.39,9751.77,7979.43,3231.72,939.27,85.43,21987.63,22237.02,882.56,0,0,0,0,0,0,0,0,0,0,0,0,0,0,12999.77,0,0,0,0,0,13882.33,36119.35
June 2016,179.58,309.8,11680.69,6378.95,2337.62,1012.54,0,21409.8,21899.18,953.23,0,0,872.17,0,0,0,0,0,0,0,0,969.18,0,0,5092.31,0,0,0,0,0,7886.88,29786.07
July 2016,0,0,4483.22,8083.97,4112.35,1026.86,19.33,17725.73,17725.73,0,0,0,0,0,0,0,70.78,0,0,0,0,0,0,0,10226.32,0,0,0,0,0,10297.1,28022.83
August 2016,0,129.13,5341.84,8342.11,2204.51,584.54,10.03,16483.03,16612.16,0,0,0,0,0,0,0,0,0,0,0,0,0,0,0,9574.64,0,0,0,0,0,9574.64,26186.8
September 2016,0,179.88,5005.95,7839.33,4957.94,1148.97,17.4,18969.59,19149.47,0,0,0,0,0,0,0,0,0,0,0,0,927.22,0,0,12483.17,0,0,0,0,0,13410.39,32559.87
October 2016,0,4121.09,20094.6,7648,5829.79,1183.64,1.51,34757.55,38878.64,0,0,0,0,0,0,0,0,0,0,0,0,0,0,0,3398.12,0,0,0,0,0,3398.12,42276.77
November 2016,6074.81,10166.17,23188.92,7870.2,8399.6,950.33,120.28,40529.33,56770.31,0,0,0,0,0,0,0,0,0,0,0,1048.91,0,0,0,4467.7,0,0,0,0,0,5516.61,62286.93
December 2016,8323.21,4975.95,24864.35,8502.79,8740.59,1114.28,24.27,43246.28,56545.44,0,0,0,0,0,0,0,0,0,0,0,0,0,0,0,3144.61,0,0,0,0,0,3144.61,59690.05
January 2017,7195.06,5230.54,25105.82,8479.18,11755.07,1405.85,50.38,46796.29,59221.89,0,0,0,0,0,0,0,0,0,0,0,0,0,0,0,1707.91,0,0,0,0,0,1707.91,60929.81
February 2017,5355.4,3590.23,22392.19,6890.77,10035.09,1338.46,5.84,40662.35,49607.98,0,0,0,0,0,0,408.41,0,0,0,0,0,0,0,0,0,0,0,0,0,0,408.41,50016.39
March 2017,25.53,517.24,22835.45,7811.02,6050.46,1824.29,41.63,38562.85,39105.62,864.32,0,0,0,0,0,0,0,0,0,0,0,0,0,882.28,9870.4,0,0,0,0,0,11617,50722.61
April 2017,0,13.75,14921.34,8369.42,3781.87,1871.4,25.71,28969.74,28983.49,0,0,0,0,0,0,0,0,0,0,0,0,0,0,0,10849.06,0,0,605.46,0,0,11454.52,40438.01
May 2017,0,77.02,9583.52,7297.01,3326.16,1721.11,9.88,21937.68,22014.7,0,0,0,0,0,0,0,0,0,0,0,0,0,0,0,6837.27,0,0,0,0,0,6837.27,28851.97
June 2017,0,0,6509.95,5765.71,3620.87,1893.34,53.91,17843.78,17843.78,484.8,0,0,0,0,0,0,0,0,0,0,0,0,0,0,4406.94,0,0,0,0,0,4891.74,22735.52
July 2017,0,0,13128.85,6277.87,5320.57,1724.5,56.56,26508.36,26508.36,0,0,0,0,0,0,0,0,0,0,0,970.77,0,0,0,8470.12,0,0,0,1003.98,0,10444.87,36953.23
August 2017,0,2.2,15449.28,7126.36,4303.48,1770.55,41.4,28691.08,28693.28,0,0,0,0,0,0,0,0,0,0,0,0,0,0,0,3843.93,0,0,351.42,0,0,4195.35,32888.63
September 2017,0,52.32,13623.05,5277.25,4126.75,1615.98,6.58,24649.61,24701.93,201.82,0,0,0,0,0,0,0,0,0,0,0,0,0,0,3044.37,0,0,0,0,0,3246.19,27948.12
October 2017,0,388.13,17271,7047.29,5048.76,2101.91,31.72,31500.68,31888.81,554.25,0,0,0,0,0,0,0,0,0,0,0,0,0,0,7747.23,0,0,0,0,0,8301.49,40190.29
November 2017,1734.76,3425.86,23556,7302.56,9316.9,1910.27,22.67,42108.39,47269.01,0,0,0,0,0,0,0,0,0,0,0,0,0,0,0,1706.23,0,0,859.34,0,0,2565.57,49834.58
December 2017,15117.51,7468.48,24343.71,7219.97,11870.68,1741.65,10.53,45186.53,67772.52,0,0,0,0,0,0,0,0,0,0,0,0,0,0,0,3098.79,1064.29,0,843.49,0,0,5006.57,72779.09
January 2018,12254.2,10684.19,25070.85,6988.18,10949,1996.88,15.2,45020.11,67958.5,0,0,0,0,0,0,0,0,0,0,0,0,0,0,0,0,1061.63,0,0,0,0,1061.63,69020.14
February 2018,13349.43,5644.86,22580.26,5281.09,10498.66,1792.25,16.12,40168.38,59162.67,0,0,0,0,0,0,0,0,0,0,0,0,0,0,0,1711.23,0,0,0,0,0,1711.23,60873.9
March 2018,8944.54,5783.93,25335.95,6504.11,9071.74,1797.07,76.17,42785.05,57513.52,0,0,0,0,0,0,0,0,0,0,0,0,261.69,0,0,3038.76,1229.57,0,0,839.5,0,5369.53,62883.04
April 2018,521.58,678.6,19184.11,6859.69,2910.09,1777.89,6.07,30737.84,31938.02,467.58,0,0,0,0,0,0,446.39,0,0,0,0,874.46,0,0,3410.91,0,0,2791.87,938.28,0,8929.49,40867.51
May 2018,0,36.65,13750.03,6372.26,16.28,1894.45,15.9,22048.91,22085.56,0,0,0,0,0,0,0,0,0,0,0,0,0,0,0,1708.4,1072.59,0,0,0,0,2780.99,24866.55
June 2018,0,72.79,7325.68,5859.71,3281.99,1918.49,15.1,18400.96,18473.75,864.95,0,0,0,0,0,0,0,0,0,0,0,0,0,0,4048.75,354.72,0,947.48,0,0,6215.89,24689.65
July 2018,0,0.02,15476.97,6741.59,3189.79,1888.79,0.61,27297.75,27297.77,0,0,0,0,0,0,0,0,0,0,0,0,0,0,0,3424.97,0,0,0,0,0,3424.97,30722.74
August 2018,0,0,14179.02,6371.63,2732.08,1796.46,0,25079.19,25079.19,0,0,0,0,0,0,0,0,0,0,0,0,0,0,0,1343.76,1089.37,0,0,0,0,2433.13,27512.32
September 2018,0,228.66,9016.09,5468.64,2687.29,1731.64,0,18903.66,19132.32,1077.73,0,0,0,0,0,0,0,0,0,0,0,0,0,0,1344.18,1084.61,0,0,0,0,3506.52,22638.83
October 2018,60.06,684.75,19585.5,6009.05,3592.94,1765.34,0,30952.84,31697.65,0,0,0,0,0,0,0,1061.13,0,0,0,0,0,0,0,4479.88,1907.63,0,673.08,2050.55,0,10172.28,41869.93
November 2018,9.46,1438.6,21705.94,6242.22,4393.65,1560.78,0,33902.59,35350.65,0,0,0,0,0,0,0,0,850.03,0,0,0,0,0,864.97,3579.53,5348.85,0,951.48,1072.79,0,12667.65,48018.3
December 2018,388.12,4842.74,24018.31,5749.39,6693.96,1587.78,0,38049.45,43280.31,0,0,0,0,0,0,0,0,0,0,0,839.8,2085.06,0,0,2425.4,3115.2,0,1081.69,6969.24,0,16516.39,59796.69
January 2019,2755.38,10562.72,25038.91,6213.96,8923.97,1792.08,0,41968.92,55287.02,0,0,0,0,0,0,0,0,840.82,0,0,0,0,0,2095.14,2256.6,5440.3,0,726.59,4971.25,0,16330.7,71617.72
February 2019,467.43,3487.44,21526.56,4810.21,3986.83,1360.62,0,31684.23,35639.1,864.39,0,0,0,909,0,0,0,0,0,0,0,882.71,0,0,3832.59,5509.9,0,0,0,0,11998.58,47637.67
March 2019,5.57,40.59,18940.45,5916.45,2348.93,1646.31,0,28852.14,28898.3,2782.37,0,0,0,0,0,0,0,0,0,0,855.04,0,0,0,9788.13,3182.76,0,0,1085.62,0,17693.93,46592.22
April 2019,0,15.29,12902.52,5905.19,1200.18,1566.78,0,21574.68,21589.97,1935.89,979.28,0,0,0,0,0,0,0,0,0,874.15,901.93,0,0,14474.16,2106.01,0,1071.85,1086.41,0,23429.7,45019.66
May 2019,0,19.11,9083.95,5801.91,831.76,1468.95,0,17186.57,17205.68,862.43,0,0,0,0,0,0,0,0,0,0,0,0,0,0,22175.61,0,0,0,0,0,23038.04,40243.72
June 2019,0,0,18766.12,5149.19,1572.35,1523.14,0,27010.8,27010.8,864.17,0,0,0,0,0,0,0,0,0,0,0,0,0,0,4763.94,1064.88,0,0,0,0,6692.99,33703.79
July 2019,0,30.98,12572.16,5358.74,664.74,1717.66,0,20313.3,20344.28,0,0,0,0,0,0,0,0,0,0,0,0,0,0,0,3427.36,2054.58,0,0,0,0,5481.94,25826.22
August 2019,0,297.26,9752.91,3475.3,688.39,1748.64,0,15665.25,15962.51,866.59,0,0,0,0,0,0,0,0,0,0,0,0,0,0,0,0,0,0,0,0,866.59,16829.11
September 2019,0,262.1,1921.16,5377.04,1312.32,0,0,8610.51,8872.61,0,0,0,0,0,0,0,0,0,0,0,0,0,0,0,9832.4,1936.24,0,0,1342.6,0,13111.24,21983.86
October 2019,0,576.04,12180.6,5487.1,1252.21,1686.65,0,20606.56,21182.6,860.19,0,0,0,0,0,0,0,0,0,0,0,0,0,0,15502.3,959.48,0,0,1774.74,0,19096.71,40279.31
November 2019,588.85,1347.98,21397.25,2748.23,4796.71,1705.13,25.96,30673.27,32610.1,0,0,0,0,0,0,0,0,835.81,0,0,927.77,896.11,0,0,3079.47,2066.64,0,1990.13,7583.09,0,17379.02,49989.11
December 2019,238.89,930.64,21746.34,5355.21,2787.21,1830.77,61.99,31781.52,32951.05,871.95,0,0,0,0,0,0,0,891.07,0,0,861.43,889.57,0,796.87,3069.11,5780.47,0,6069.57,11718.87,0,30948.9,63899.94
January 2020,0,150.61,10215.71,5796.82,1447.97,1836.12,28.11,19324.73,19475.34,0,0,0,0,0,0,0,0,0,0,0,0,1713.16,0,0,6648.54,3331.98,0,1782.91,10800.73,0,24277.33,43752.67
February 2020,86.6,788.05,16415.83,4935.28,2029.42,1657.96,24.92,25063.41,25938.06,0,0,0,0,0,0,0,1050.98,0,0,0,0,0,0,0,4357.75,5224.95,0,1919.25,7903.2,0,20456.14,46394.21
March 2020,283.91,173.45,23064.48,5617.75,1716.95,1786.08,0,32185.26,32642.62,0,0,0,1956.22,0,0,0,0,0,0,0,1830.97,0,0,0,9491.43,3181.12,0,2000.04,6216,0,24675.78,57318.4
April 2020,0,0,5211.36,5026.91,276.95,1775.7,0,12290.93,12290.93,0,0,0,982.79,0,0,0,0,0,1079.17,0,0,0,0,0,18006.15,0,0,2053.1,3771.11,0,25892.32,38183.24
May 2020,0,0,5958.9,3184.41,137.46,1785.46,0,11066.24,11066.24,0,0,0,0,0,0,0,0,0,0,0,869.89,0,0,0,17321.15,2126.56,0,807.14,0,0,21124.75,32190.98
June 2020,0,0,5506,4782.33,1250.97,1468.69,0,13007.98,13007.98,0,0,0,0,0,0,0,0,0,0,0,0,0,0,0,10920.39,1063.64,0,0,0,0,11984.03,24992.01
July 2020,0,0,9799.71,4926.57,1329.57,1439.36,0,17495.21,17495.21,0,0,0,0,0,0,0,0,0,0,0,0,0,0,0,7477.6,0,0,0,1640.69,0,9118.29,26613.5
August 2020,0,0,8661.78,2279.64,645.94,1388.23,0,12975.58,12975.58,0,0,0,0,0,0,0,0,0,0,0,0,0,0,0,8784.03,0,0,0,814.64,0,9598.67,22574.25
September 2020,0,0,8528.9,5313.36,551.1,1413.3,0,15806.67,15806.67,0,0,0,0,0,0,0,0,0,0,0,0,0,0,0,7440.46,0,0,0,0,0,7440.46,23247.13
October 2020,551.32,2602.83,23987.32,4528.18,1308.18,1796.95,0,31620.63,34774.78,487.53,0,0,0,0,0,0,0,0,0,0,986.8,0,0,0,5112.47,2137.82,0,943.82,0,0,9668.44,44443.23
November 2020,537.21,2560.9,23330.88,4862.94,2475.84,1784.02,78.5,32532.19,35630.3,0,0,0,0,0,0,0,989.46,0,0,0,0,0,0,0,1343.9,3193.21,0,627.32,10885.97,0,17039.87,52670.17
December 2020,2094.49,4796.67,25051.7,5108.35,8168.19,1795.48,2.84,40126.56,47017.72,0,0,0,0,0,0,0,0,0,0,0,0,0,0,0,0,6327.34,0,1056.33,11406.72,0,18790.39,65808.1
January 2021,13409.78,14120.62,25151.66,5609.13,10520.04,1806.01,0,43086.84,70617.24,0,0,0,0,0,0,0,0,0,0,0,0,0,0,0,0,6289.41,0,0,1933.42,0,8222.83,78840.07
February 2021,3305.91,5076.79,21768.74,4159.73,3457.23,1575.62,14.76,30976.07,39358.77,0,0,0,0,0,0,0,0,0,0,0,0,0,0,0,1687.96,6259.82,0,0,12408.48,0,20356.26,59715.03
March 2021,2354.91,1862.85,22481.35,4888.24,1549.03,1782.94,35.47,30737.04,34954.8,0,0,0,0,0,0,0,0,0,0,0,0,0,0,0,12304.83,5206.97,0,765.77,8180.46,0,26458.02,61412.82
April 2021,244.06,313.53,22349.54,2237.27,1926.9,1474,16.98,28004.68,28562.27,2123.78,0,0,0,0,0,0,0,0,0,0,0,0,0,0,10887.63,4217.1,0,904.51,2023.04,0,20156.05,48718.32
May 2021,533.79,568.38,20070.84,3151.06,2327.82,1466.9,2.09,27018.7,28120.87,2125.11,0,0,0,0,0,0,0,0,0,0,0,0,0,0,10871.06,2138.68,0,0,3897.37,0,19032.21,47153.09
June 2021,0,0,10912.21,5046.67,80.79,1373.19,0,17412.86,17412.86,843.75,0,0,0,0,0,0,0,0,0,0,0,0,0,0,6839.13,3196.94,0,0,995.08,0,11874.9,29287.76
July 2021,0,0,15623.02,4939.98,1465.48,1732,18.15,23778.62,23778.62,0,0,0,0,0,0,0,0,0,0,0,0,0,0,0,1703.67,0,0,0,0,0,1703.67,25482.29
August 2021,0,0,13049.76,4616.06,1906.03,1691.92,10.39,21274.16,21274.16,0,0,0,0,0,0,0,0,0,0,0,0,0,0,0,1372.06,0,0,0,0,0,1372.06,22646.21
September 2021,0,0,13553.45,4594.76,2519.94,1604.02,0,22272.18,22272.18,1128.65,0,0,0,0,0,0,0,0,0,0,882.97,0,0,0,1710.2,0,0,0,0,0,3721.82,25994
October 2021,0,0,23442.59,4246.72,4512.05,1661.26,9.99,33872.6,33872.6,1973.66,0,0,0,0,0,0,0,0,0,0,0,0,0,1088.02,7406.65,0,0,0,925.26,0,11393.59,45266.19
November 2021,2.07,916.53,23784.28,4800.08,6376.16,1589.98,4.53,36555.02,37473.62,0,0,0,0,0,0,0,0,0,0,0,0,0,0,4795.32,7176.51,3148.04,0,0,1882.82,0,17002.69,54476.32
December 2021,214.16,3064.92,25044.7,5700.36,7471.61,1786.61,0,40003.28,43282.36,0,0,0,0,0,0,0,0,0,1071.42,0,0,0,0,3157.14,0,4281.05,0,0,10060.12,0,18569.73,61852.08
January 2022,581.33,829.53,21823.98,5524.42,3633.72,1852.96,0,32835.07,34245.93,0,0,0,0,0,0,0,0,0,0,0,880.37,0,0,2101.24,5234.64,3181.24,0,1068.18,22969.11,0,35434.78,69680.71
February 2022,0,42.56,21453.38,5161.28,3043.8,1622.11,7.75,31288.32,31330.88,0,960.22,0,0,0,0,0,0,0,0,0,0,0,0,1023.25,6622.13,1056.37,887,0,11375.85,0,21924.81,53255.68
March 2022,0,68.75,23454.02,3091.92,2985.86,1517.5,2.6,31051.89,31120.64,0,923.55,0,0,0,0,0,719.05,0,0,0,989.58,0,0,2085.26,4343.99,1051.73,0,895.26,13308.23,0,24316.64,55437.27
April 2022,0,0,17746,3788.12,2953.14,981.8,0,25469.05,25469.05,2842.63,1991.36,0,0,0,0,0,421.35,0,0,0,0,0,0,2104.04,11055.02,0,0,0,14624,0,33038.4,58507.45
May 2022,0,0,15637.81,5620.9,3365.73,1356.26,0,25980.7,25980.7,922.93,0,0,0,0,0,0,0,0,0,0,962.7,0,0,1734.92,10541.46,0,0,0,7474.25,0,21636.25,47616.95
June 2022,0,0,14026.99,5579.48,3089.32,1762.74,0,24458.52,24458.52,0,0,0,0,0,0,0,0,0,0,0,0,839.86,0,2067.23,9504.64,0,0,0,2981.21,0,15392.95,39851.47
July 2022,0,0,19533.14,5378.92,3467.06,1700.58,19.36,30099.06,30099.06,0,0,0,0,0,0,0,0,0,0,0,833.84,0,0,984.77,7801.54,0,0,0,0,0,9620.15,39719.2
August 2022,0,0,18006.55,4984.84,2961.72,1618.99,0,27572.09,27572.09,0,0,0,0,0,0,0,0,0,0,0,0,0,270.83,2791.3,9286.86,0,0,0,0,0,12349,39921.09
September 2022,0,0,7188.22,5458.99,3149.71,1818.02,0,17614.95,17614.95,1412.02,0,0,0,0,0,0,0,0,0,0,891.87,0,0,1962.06,7639.97,0,0,0,9203.05,0,21108.97,38723.91
October 2022,0,0,17746.23,5847.36,3513.01,1817.63,0,28924.23,28924.23,1071.72,973.67,0,0,0,775.47,0,0,0,0,0,962.14,958.24,0,0,4366.39,0,0,0,11716.59,0,20824.21,49748.44
November 2022,0,0,16933.18,4985.18,3647.34,1683.29,0,27248.99,27248.99,0,978.52,0,0,0,0,0,0,0,0,0,0,0,0,2823.55,4275.88,0,0,0,17689.26,0,25767.21,53016.2
December 2022,0,238.41,22158.86,7804.42,4397.54,1794.17,0,36154.99,36393.4,0,973.5,0,0,0,0,0,0,0,0,0,0,891.13,0,4253.13,3348.15,0,0,0,26953.46,0,36419.36,72812.76
January 2023,0,68.66,21732.15,6284.63,2739.62,1742.25,0,32498.66,32567.32,0,3918.96,0,0,0,0,0,0,0,0,0,0,0,0,2109.48,3435.87,0,0,0,21615.06,0,31079.36,63646.68
February 2023,0,130.44,18458.26,5021.11,2809.64,1426.63,4.85,27720.48,27850.92,0,976.37,0,0,0,0,0,980.77,0,0,0,0,888.36,0,2145.08,1687.23,0,0,0,16190.42,0,22868.22,50719.14
March 2023,21,152.94,19840.53,5685.16,3115.1,1623.87,16.32,30280.98,30454.92,0,2955.02,0,0,0,0,0,1057.28,0,0,0,2665.39,0,0,1078.53,2134.95,0,0,1957.49,21317.92,0,33166.58,63621.49
April 2023,0,0,13282.11,5465.76,2298.7,1619.11,0,22665.68,22665.68,960.94,0,0,0,0,0,0,863.2,0,0,0,953.08,915.75,0,3082.85,6413.13,0,0,0,18842.02,0,32030.98,54696.66