date,pipe_imports_belgium_GWh,pipe_imports_netherlands_GWh,pipe_imports_norway_GWh,lng_imports_GWh,total_imports_GWh,pipe_exports_belgium_GWh,pipe_exports_netherlands_GWh,pipe_exports_norway_GWh,pipe_exports_republic_ireland_GWh,pipe_exports_isle_of_man_GWh,lng_exports_GWh,total_exports_GWh,net_imports_GWh
Jan-00,0,0,1040,0,1040,5884,974,0,3051,0,0,9909,-8869
Feb-00,0,0,971,0,971,7111,846,0,2841,0,0,10798,-9827
Mar-00,0,0,1063,0,1063,8219,908,0,2843,0,0,11970,-10907
Apr-00,0,0,975,0,975,11783,814,0,2778,0,0,15375,-14400
May-00,0,0,859,0,859,12055,689,0,2514,0,0,15258,-14399
Jun-00,0,0,595,0,595,10563,651,0,2876,0,0,14090,-13495
Jul-00,0,0,549,0,549,8706,342,0,2382,0,0,11430,-10881
Aug-00,0,0,920,0,920,12397,446,0,2108,0,0,14951,-14031
Sep-00,0,0,993,0,993,11294,416,0,2173,0,0,13883,-12890
Oct-00,0,0,1105,0,1105,4459,468,0,2481,0,0,7408,-6303
Nov-00,351,0,1087,0,1438,2103,635,0,2888,0,0,5626,-4188
Dec-00,2604,0,1122,0,3726,0,534,0,3313,0,0,3847,-121
Jan-01,980,0,1063,0,2043,137,500,0,3839,0,0,4476,-2433
Feb-01,1976,0,927,0,2903,0,477,0,3166,0,0,3643,-740
Mar-01,124,0,883,0,1007,2195,545,0,3499,0,0,6239,-5232
Apr-01,0,0,681,0,681,7075,486,0,3367,0,0,10928,-10247
May-01,0,0,719,0,719,9400,506,0,3186,0,0,13092,-12373
Jun-01,0,0,696,0,696,10371,57,0,2873,0,0,13301,-12605
Jul-01,0,0,0,0,0,14389,286,0,3215,0,0,17890,-17890
Aug-01,0,0,721,0,721,12083,515,0,3137,0,0,15735,-15014
Sep-01,0,0,699,0,699,8857,558,0,2746,0,0,12161,-11462
Oct-01,0,0,1557,0,1557,10098,573,0,2898,0,0,13569,-12012
Nov-01,0,0,1738,0,1738,5184,553,0,2902,0,0,8639,-6901
Dec-01,935,0,3050,0,3985,1057,584,0,3300,0,0,4941,-956
Jan-02,4035,0,3120,0,7155,0,566,0,2934,0,0,3500,3655
Feb-02,1513,0,4170,0,5683,0,354,0,2817,0,0,3171,2512
Mar-02,0,0,4649,0,4649,5527,509,0,3450,0,0,9486,-4837
Apr-02,0,0,2202,0,2202,9765,461,0,3938,0,0,14164,-11962
May-02,0,0,743,0,743,15163,459,0,3272,0,0,18894,-18151
Jun-02,0,0,1504,0,1504,13637,443,0,2862,0,0,16942,-15438
Jul-02,755,0,1796,0,2551,912,432,0,2851,0,0,4195,-1644
Aug-02,20,0,1701,0,1721,11294,205,0,3006,0,0,14505,-12784
Sep-02,0,0,1590,0,1590,10948,384,0,3345,0,0,14677,-13087
Oct-02,0,0,4411,0,4411,12962,379,0,3265,0,0,16606,-12195
Nov-02,0,0,6082,0,6082,7173,267,0,3416,0,0,10856,-4774
Dec-02,322,0,5915,0,6237,3808,378,0,3584,0,0,7770,-1533
Jan-03,0,0,6803,0,6803,1191,336,0,3656,0,0,5183,1620
Feb-03,0,0,5940,0,5940,4634,318,0,3568,0,0,8520,-2580
Mar-03,0,0,6899,0,6899,15785,369,0,4008,0,0,20162,-13263
Apr-03,0,0,4615,0,4615,17573,325,0,3510,0,0,21408,-16793
May-03,0,0,5808,0,5808,17398,325,0,3448,0,0,21171,-15363
Jun-03,0,0,2947,0,2947,17744,71,0,3034,0,0,20849,-17902
Jul-03,0,0,4145,0,4145,17752,181,0,3157,0,0,21090,-16945
Aug-03,0,0,3714,0,3714,17961,217,0,2911,0,0,21089,-17375
Sep-03,0,0,2690,0,2690,4985,477,0,3137,0,0,8599,-5909
Oct-03,0,0,8745,0,8745,7628,275,0,3475,0,0,11378,-2633
Nov-03,344,0,8946,0,9290,0,251,0,3483,0,0,3734,5556
Dec-03,4043,0,10503,0,14546,0,279,0,3419,0,0,3698,10848
Jan-04,6478,0,10174,0,16652,0,263,0,3131,0,0,3394,13258
Feb-04,5767,0,9543,0,15310,0,287,0,3144,0,0,3431,11879
Mar-04,2230,0,10430,0,12660,1045,265,0,3643,0,0,4953,7707
Apr-04,0,0,5386,0,5386,6783,256,0,3375,0,0,10414,-5028
May-04,0,0,6318,0,6318,12269,291,0,3301,0,0,15861,-9543
Jun-04,0,0,3350,0,3350,14629,237,0,2929,0,0,17795,-14445
Jul-04,0,0,6239,0,6239,16396,243,0,2971,0,0,19610,-13371
Aug-04,0,0,4952,0,4952,8156,268,0,3020,0,0,11444,-6492
Sep-04,224,0,4800,0,5024,782,107,0,3166,0,0,4055,969
Oct-04,2507,0,8380,0,10887,0,185,0,3722,0,0,3907,6980
Nov-04,3499,0,12367,0,15866,0,241,0,3425,0,0,3666,12200
Dec-04,4887,0,13424,0,18311,0,244,0,3257,0,0,3501,14810
Jan-05,4404,0,13020,0,17424,0,214,0,3013.9,62.1,0,3290,14134
Feb-05,4517,0,11956,0,16473,0,115,0,3115.92,56.08,0,3287,13186
Mar-05,1003,0,13246,0,14249,1919,549,0,3192.09,37.91,0,5698,8551
Apr-05,0,0,11940,0,11940,5032,450,0,3364.67,89.33,0,8936,3004
May-05,0,0,11962,0,11962,7453,418,0,3435.01,85.99,0,11392,570
Jun-05,0,0,664,0,664,7395,372,0,2925.61,109.39,0,10802,-10138
Jul-05,39,0,5138,0,5177,2788,419,0,2184.26,96.74,0,5488,-311
Aug-05,1232,0,12817,875,14924,889,351,0,3588.2,66.8,0,4895,10029
Sep-05,0,0,11618,349,11967,8601,181,0,3574.07,60.93,0,12417,-450
Oct-05,405,0,10439,479,11323,2414,416,0,3190.49,98.51,0,6119,5204
Nov-05,6067,0,12203,732,19002,149,388,0,3219.3,84.7,0,3841,15161
Dec-05,6441,0,12891,3018,22350,0,388,0,3653.42,101.58,0,4143,18207
Jan-06,7685,0,12227,3084,22996,0,380,0,3495.46,112.54,0,3988,19008
Feb-06,10569,0,10996,3531,25096,0,354,0,3299.34,101.66,0,3755,21341
Mar-06,8406,0,11253,4230,23889,0,359,0,3948.93,107.07,0,4415,19474
Apr-06,998,0,10029,3819,14846,3938,282,0,4083.22,92.78,0,8396,6450
May-06,0,0,10148,1795,11943,10238,264,0,4262.84,24.16,0,14789,-2846
Jun-06,0,0,4752,1810,6562,6311,299,0,3950.5,76.5,0,10637,-4075
Jul-06,436,0,10479,2287,13202,9119,292,0,3644.13,87.87,0,13143,59
Aug-06,335,0,9638,3130,13103,6660,174,0,3831.11,81.89,0,10747,2356
Sep-06,0,0,10452,1631,12083,12473,58,0,3745.02,76.98,0,16353,-4270
Oct-06,0,0,17311,4074,21385,9191,282,0,3693.75,69.25,0,13236,8149
Nov-06,849,738,23745,4068,29400,1484,313,0,4110.01,87.99,0,5995,23405
Dec-06,1227,8397,26006,4117,39747,780,314,0,4155.48,108.52,0,5358,34389
Jan-07,2006,8247.31,23678.5,4030.52,37962.33,796,310.25,0,4460.87,111.63,0,5678.75,32283.58
Feb-07,1469,7212.19,25760.02,3205.99,37647.21,1060,260.48,0,4342.25,99.23,0,5761.96,31885.25
Mar-07,5,7957.52,27304.33,907.72,36174.56,4280,277.61,0,4501.12,112.21,0,9170.94,27003.62
Apr-07,0,7020.75,22447.31,190.59,29658.65,11370,322.09,0,3728.01,89.43,0,15509.53,14149.12
May-07,0,4002.16,12398.74,294.35,16695.25,10035,318.63,0,3451.84,99.76,0,13905.24,2790.01
Jun-07,477,3904.34,10357.13,281,15019.48,2763,361.38,0,3846.66,99.74,0,7070.79,7948.69
Jul-07,0,4011.59,10227.28,245.61,14484.49,8216,670.52,0,4029.36,92,0,13007.88,1476.61
Aug-07,60,4039.2,12613.89,243,16956.08,2994,848.07,0,3953.67,84.9,0,7880.64,9075.45
Sep-07,8,2760.52,14259.72,308,17336.24,1829,235.98,24.2,4082.35,90,0,6261.53,11074.71
Oct-07,308,4079.33,24996.9,774.88,30159.11,5769,902.16,43.04,4330.02,37.05,0,11081.29,19077.82
Nov-07,338.65,11103.53,18958.04,2556.57,32956.8,1557.19,924.12,40.96,4706.63,107.6,0,7336.5,25620.3
Dec-07,1799.51,12263.98,22762.14,1864.92,38690.55,720.68,926.28,44.33,4402.38,113.1,0,6206.77,32483.79
Jan-08,4855.98,11996.11,24361.95,1874.38,43088.41,127.33,1051.77,39.48,4467.91,135.08,0,5821.56,37266.85
Feb-08,1787.96,10564.68,27974.82,129.07,40456.53,339.84,589.45,34.44,4597.33,128.4,0,5689.45,34767.08
Mar-08,1885.01,11202.14,30148.94,90.7,43326.79,252.44,787.65,40.09,4932.46,129.5,0,6142.15,37184.65
Apr-08,3000.02,9155.84,22594.63,583.63,35334.11,450.84,929.1,20.66,4623.16,97.74,0,6121.5,29212.61
May-08,292.53,5976.57,17172.81,283.19,23725.1,4859.44,1245.26,32.7,4407.4,106.54,0,10651.34,13073.76
Jun-08,0,5656.7,12807.15,94.4,18558.24,5765.58,1100.55,28.83,3807.62,104.4,0,10806.99,7751.25
Jul-08,8.86,5723.91,26426.33,234.47,32393.56,6125.53,934.87,32.54,4169.08,96.9,0,11358.91,21034.66
Aug-08,0,5336.82,15429.08,177.61,20943.51,6217.28,880.57,43.46,4059.09,100.09,0,11300.48,9643.03
Sep-08,0,3175.11,11836.23,384.5,15395.84,4102.93,333.15,31.58,3994.2,51.03,0,8512.89,6882.95
Oct-08,0,5240.88,31282.46,805.32,37328.67,10965.08,740.94,29.71,4350.77,91.72,0,16178.23,21150.44
Nov-08,12.84,8010.77,30834.11,1993.83,40851.55,4706.69,767.01,27.8,4611.94,125.13,0,10238.55,30613
Dec-08,330.92,8523.56,34713.86,2394.39,45962.73,2036.4,1028.38,27.8,4942.24,130.43,0,8165.26,37797.47
Jan-09,69.46,9017.96,32740.53,4540.7,46368.65,8819.32,922.87,33.63,4888.8,130.72,0,14795.33,31573.31
Feb-09,1076.72,8389.91,32463.39,4051.35,45981.38,2504.65,1287.72,26.11,4526.01,119.49,0,8463.99,37517.39
Mar-09,318.09,8015.49,36816.59,4830.75,49980.92,4010.45,1316.81,24.5,4438.16,129.87,0,9919.79,40061.13
Apr-09,0,7535.64,22375.89,6248.37,36159.91,9206.35,1213.14,22,4784.36,111.69,0,15337.54,20822.37
May-09,0,3852.95,17725.12,6672.67,28250.75,8477.08,1497.36,20.66,4665.24,93.44,0,14753.78,13496.97
Jun-09,0,2590.64,11781.1,6104.19,20475.93,8545.95,1322.63,22.46,3897.34,103.55,0,13891.93,6584
Jul-09,0,2357.18,9925.4,8669.77,20952.36,4850.57,941.89,19.01,3880.01,101.31,0,9792.79,11159.57
Aug-09,58.98,3720.29,15067.13,10338.05,29184.45,2732.63,869,23.06,3743.03,105.62,0,7473.33,21711.12
Sep-09,0,1199.87,18653.47,11313.68,31167.02,4860.84,230.07,20.82,4032.76,95.64,0,9240.14,21926.88
Oct-09,0,2448.67,20518.66,15658.45,38625.78,6589.83,1041.92,21.31,4232.65,113.06,0,11998.77,26627.01
Nov-09,1145.42,9241.37,27130.01,14517.21,52034.02,1486.49,1219.47,18.34,4621.42,118.18,0,7463.91,44570.11
Dec-09,5276.56,11158.58,29635.45,19292.33,65362.93,0,1228.54,16.02,5289.51,135.28,0,6669.34,58693.58
Jan-10,4236.13,10978.39,35049.76,17879.83,68144.12,467.08,1386.19,17.42,5452.98,137.82,0,7461.49,60682.64
Feb-10,1396.6,9340.23,31336.64,15569.03,57642.51,794.66,1403.16,10.31,3132.14,116.31,0,5456.58,52185.92
Mar-10,126.29,9716.8,33021.54,15304.82,58169.45,2860.08,1647.34,14.91,5164.51,106.94,0,9793.77,48375.68
Apr-10,0,7704.48,20824.26,19782.53,48311.27,9463.29,1599.72,16.41,4356.76,93.01,0,15529.18,32782.09
May-10,0,5536.33,21502.47,18491.34,45530.14,13788.4,1543.8,12.05,4584.42,79.93,0,20008.6,25521.53
Jun-10,0,4717.69,23793.94,10932.25,39443.89,15474.94,1544.52,1.57,4421.89,94.6,0,21537.53,17906.36
Jul-10,0,4966.83,15934.71,11272.96,32174.49,14284.5,986.22,4.25,4334.94,107.84,0,19717.75,12456.74
Aug-10,0,4322.83,14244.01,16102.93,34669.76,11210.64,1222.62,16.34,4414.4,102.74,0,16966.75,17703.01
Sep-10,0,4423.61,8848.4,17120.2,30392.2,7346.08,214.92,17.48,4519.68,105.19,0,12203.35,18188.86
Oct-10,0,5942.11,26275.2,19242.83,51460.13,16551.05,1191.28,19.53,4240.14,114.41,0,22116.41,29343.71
Nov-10,952.07,9547.98,30180.45,20880.2,61560.7,3681.43,1380.23,13.26,5258.87,127.19,0,10460.99,51099.71
Dec-10,6857.1,9922.69,37719.85,24267.08,78766.72,10.19,1710.42,13.99,5057.91,141.09,0,6933.6,71833.12
Jan-11,3284.29,10302.69,28916.58,28112.05,70615.6,5.62,1779.95,15.43,5234.95,136.38,0,7172.32,63443.28
Feb-11,247.29,5837.26,25437.92,23136.26,54658.74,1110.44,1561.84,12.46,3978.71,116.92,0,6780.37,47878.38
Mar-11,435.95,2238.73,27401.22,28296.83,58372.74,1286.16,1717.08,16.2,4417.35,58.64,0,7495.43,50877.31
Apr-11,0,5267.1,13443.83,30825.6,49536.53,13575.54,1540.3,10.73,4389.91,111.92,0,19628.41,29908.11
May-11,0,5673.89,11523.98,28512.42,45710.29,12236.33,1614.53,11.19,4501.9,102.08,0,18466.03,27244.26
Jun-11,0,4146.98,9414.4,23398.39,36959.78,9663.05,1171,8.55,4163.3,75.36,0,15081.25,21878.53
Jul-11,0,4384.65,15362.51,21649.85,41397.02,11158.15,872.32,9.81,4796.09,47.7,0,16884.08,24512.94
Aug-11,0,3888.8,20015.45,20700.04,44604.29,14608.23,1412.16,8.06,4730.16,106.16,0,20864.77,23739.52
Sep-11,0,5337.19,14697.95,18463.86,38498.99,7266.67,1401.46,6.61,5075.85,97.31,0,13847.89,24651.1
Oct-11,0,6198.48,20737.37,20159.81,47095.66,15126.3,1420.3,6.29,5201.83,109.61,0,21864.33,25231.33
Nov-11,0,7205.59,29861.42,13602.02,50669.03,11336.61,1484.63,8,5359.9,115.79,0,18304.94,32364.09
Dec-11,64.07,8519.73,32829.91,17937.1,59350.81,4153.17,1568.11,6.71,4984.11,129.53,0,10841.65,48509.16
Jan-12,211.47,9255.58,36749.35,13358.79,59575.19,1925.13,2137.63,8,4681.72,130.76,0,8883.24,50691.95
Feb-12,129.43,9276.24,34241.29,12722.91,56369.87,3318.79,2130.53,5.68,4441.69,123.03,0,10019.72,46350.15
Mar-12,0,8438.3,29891.07,13142.75,51472.12,4676.24,2141.05,6.1,4229.15,92.28,0,11144.81,40327.31
Apr-12,0,7449,20118.28,19754.21,47321.49,6289.18,2304.88,4.77,4728.77,113.73,0,13441.33,33880.16
May-12,121.53,5562,20721.88,15990.32,42395.73,5389.4,2178.31,3.9,4961.21,18.02,0,12550.85,29844.88
Jun-12,0,4593.46,17268.73,12331.78,34193.97,3721.24,2197.09,5.57,5385.2,12.87,0,11321.97,22872
Jul-12,0,4765.66,23953.15,8269.93,36988.74,10050.38,2165.51,2.72,5050.19,11.82,0,17280.62,19708.13
Aug-12,0,3630.49,12266.05,19115.7,35012.24,11454.36,2072.26,3.44,5758.69,9.85,0,19298.6,15713.64
Sep-12,66,1921.24,15477.57,7837.79,25302.6,2597,770.3,2.29,4171.04,15.33,0,7555.96,17746.64
Oct-12,3386.32,5992.33,30421.57,4928.09,44728.32,556.19,1797.36,2.29,4446.2,51.02,0,6853.06,37875.26
Nov-12,5810.69,7497.17,32543.1,9260.78,55111.74,0,1907.94,2.29,4387.17,110.65,0,6408.05,48703.68
Dec-12,4538.18,9877,38084.18,13384.63,65883.99,365.21,1925.68,2.29,4523.43,135.8,0,6952.41,58931.58
Jan-13,4475.76,10394.49,38116.95,7147.21,60134.41,356.25,1873.3,0,4339.86,144.43,0,6713.83,53420.57
Feb-13,5454.73,10068.94,33775.36,4777.28,54076.32,0,1747.1,4,4090.46,131.86,0,5973.42,48102.9
Mar-13,17984.45,10249.96,36666.74,4301.66,69202.81,0,1645.19,0.62,4921.09,145.21,0,6712.1,62490.71
Apr-13,1557.18,7087.09,31855.22,12757.92,53257.41,2506.54,1181.32,0.29,4429.52,86.33,0,8204,45053.41
May-13,21.43,5898.04,17937.57,15901.47,39758.52,5102.63,1439.35,0.91,4809.12,118.35,0,11470.36,28288.16
Jun-13,0,2917,19606.38,15536.35,38059.72,6705.42,1614.26,0,4918.55,89.16,0,13327.39,24732.34
Jul-13,0,3924.79,16898.35,8054.24,28877.37,6450.89,1775.46,0,4201.27,78.91,0,12506.53,16370.84
Aug-13,231.29,3421.94,13862,6509.85,24025.08,1963.14,1551.23,0.72,4186.71,71.27,0,7773.07,16252.01
Sep-13,44.11,3166.63,17641.87,4863.51,25716.11,2501.24,1600.34,0.28,4201.1,37.83,0,8340.8,17375.31
Oct-13,84.07,4330.03,23863.51,7364.48,35642.1,1864.67,1432.69,2.63,3960.96,88.89,0,7349.85,28292.25
Nov-13,2803.11,9707.48,31863.61,11387.7,55761.9,0,1509.91,4.98,4266.16,128.11,0,5909.15,49852.74
Dec-13,2710.72,10353.02,36546.01,4018.66,53628.41,7.06,1226.88,5.11,3932.25,130.21,0,5301.5,48326.91
Jan-14,2085.97,11734.06,35093.84,3565.53,52479.39,37.14,1766.23,2.86,4126.22,135.72,0,6068.16,46411.23
Feb-14,372.87,9672.52,32010.92,3809.33,45865.64,140.97,1822.23,0.32,3536.94,123.54,0,5624,40241.65
Mar-14,759.62,8383.2,29960.67,5536.32,44639.8,407.4,2204.09,1.78,4835.91,107.57,0,7556.75,37083.06
Apr-14,0,7214.43,16974.68,12646.93,36836.04,5265.62,2210.71,1.83,4053.35,74.49,0,11606.01,25230.04
May-14,0,3508.09,14718.02,16724.1,34950.21,8514.06,1833.84,0.21,4436.08,101.06,0,14885.26,20064.96
Jun-14,0,3948.58,15020.23,14602.44,33571.24,5328.31,1470.38,0.02,4214.88,95.1,0,11108.68,22462.56
Jul-14,0,2425.16,13378.67,15881.94,31685.77,9149.98,648.58,1.36,3883.92,103.4,0,13787.24,17898.53
Aug-14,0,2095.2,11406.35,15038.78,28540.33,5574.26,1642.43,0.5,3911.01,92.77,0,11220.96,17319.36
Sep-14,0,4609.89,15623.61,9230.2,29463.71,7019.64,1469.62,0.02,4165.26,59.48,0,12714.03,16749.68
Oct-14,0,4230.95,28715.1,4460.73,37406.78,5445.36,1244.6,0,3533.44,119.95,0,10343.35,27063.43
Nov-14,344.37,4862.45,29156.44,11124.21,45487.47,763.55,1566.78,0,3076.75,126.16,0,5533.24,39954.23
Dec-14,385.75,7608.08,36758.99,11289.35,56042.17,427.46,972.2,0,3963.17,127.98,0,5490.82,50551.35
Jan-15,773.1,9338.69,32018.19,11927.4,54057.38,1784.59,1845.93,0.36,4097.61,138.48,0,7866.96,46190.42
Feb-15,1104.36,7124.46,33470.64,9273.93,50973.39,586.49,1966.91,0,3909.08,124.58,0,6587.07,44386.32
Mar-15,236.74,6133.26,31041.71,14416.7,51828.41,3523.23,2376.13,0.78,3925.52,129.83,1046.32,11001.81,40826.61
Apr-15,2,523.34,21640.07,10255.82,32421.23,7044.89,1318.69,0.09,3610.21,94.14,0,12068.02,20353.21
May-15,0,322.82,17318.86,16466.44,34108.13,8950.21,2322.04,0.15,4740.23,96.05,1047.3,17155.97,16952.16
Jun-15,0,2449.96,15612.84,9858.28,27921.09,4441.68,1180.26,0.4,3691.16,62.72,0,9376.23,18544.86
Jul-15,0,130.11,20269.07,11628.81,32027.99,9529.29,1725.28,0.4,3856.45,85.97,910.99,16108.37,15919.62
Aug-15,0,5.43,22497.37,14693.14,37195.94,13120.26,2247.3,0.3,4013.96,34,0,19415.82,17780.12
Sep-15,0,128.88,22366.79,12885,35380.66,11602.49,1022.54,0.4,3895.25,97.19,0,16617.88,18762.78
Oct-15,0,113.4,29076.28,16257.84,45447.52,9805.83,1331.85,0.08,4245.02,77.5,0,15460.28,29987.25
Nov-15,0,3230.32,30848.79,14972.63,49051.74,8243.73,1686.44,0.62,3545.12,119,0,13594.91,35456.83
Dec-15,0,6432.19,31781.92,9770.48,47984.6,5832.38,1765.89,0,3368.85,132.79,0,11099.92,36884.67
Jan-16,249.38,7177.84,33986.13,7953.87,49367.22,2202.96,1774.94,0.01,2495.18,141.67,0,6614.76,42752.46
Feb-16,227.98,6728.77,31327.51,9031.25,47315.51,1334.5,1661.85,0.01,2832.63,134.34,0,5963.33,41352.18
Mar-16,359.09,8486.96,36793.75,10679.59,56319.39,1961.48,1765.35,0.24,2612.35,136.03,435.58,6911.03,49408.36
Apr-16,0,4918.99,29788.47,11872.53,46579.99,5300.44,1928.44,0,2406.84,126.07,0,9761.78,36818.2
May-16,0,249.39,21987.63,13882.33,36119.35,10131.65,1795.96,0,2101.71,79.62,926.64,15035.58,21083.77
Jun-16,179.58,309.8,21409.8,7886.88,29786.07,562.59,908.34,0,1804,69.85,0,3344.78,26441.29
Jul-16,0,0,17725.73,10297.1,28022.83,14875.96,1168.37,0.22,1610.23,81.84,898.51,18635.13,9387.69
Aug-16,0,129.13,16483.03,9574.64,26186.8,9979.18,1738.4,0.9,1672.08,110.55,1001.3,14502.41,11684.39
Sep-16,0,179.88,18969.59,13410.39,32559.87,15850.05,990.08,0.1,2331.99,89.91,1052.6,20314.73,12245.14
Oct-16,0,4121.09,34757.55,3398.12,42276.77,4780.98,1446.78,0,1961.58,108.71,1105.58,9403.63,32873.13
Nov-16,6074.81,10166.17,40529.33,5516.61,62286.93,208.95,1417.12,0,2324.25,133.99,0,4084.3,58202.63
Dec-16,8323.21,4975.95,43246.28,3144.61,59690.05,0,1706.62,0,1860.4,137.92,0,3704.94,55985.11
Jan-17,7195.06,5230.54,46796.29,1707.91,60929.81,0,1653.12,1.46,1759.98,143.43,1448.27,5006.26,55923.55
Feb-17,5355.4,3590.23,40662.35,408.41,50016.39,203.99,1199.11,0.01,1365.74,129.8,996.94,3895.6,46120.79
Mar-17,25.53,517.24,38562.85,11617,50722.61,3200.79,1392.83,0,1489.6,127.11,0,6210.32,44512.29
Apr-17,0,13.75,28969.74,11454.52,40438.01,12541.45,1469.48,0,1400.79,95.53,0,15507.24,24930.77
May-17,0,77.02,21937.68,6837.27,28851.97,13267.1,1433.76,0,1061.42,75.25,0,15837.53,13014.44
Jun-17,0,0,17843.78,4891.74,22735.52,7889.78,833.14,0.15,1139.3,97.56,0,9959.93,12775.59
Jul-17,0,0,26508.36,10444.87,36953.23,18851.16,458.03,0.17,1184.78,61.14,0,20555.28,16397.95
Aug-17,0,2.2,28691.08,4195.35,32888.63,15625.12,851.85,0,1177.22,99.71,0,17753.9,15134.74
Sep-17,0,52.32,24649.61,3246.19,27948.12,9067.34,832.71,0,3350.22,88.46,0,13338.72,14609.4
Oct-17,0,388.13,31500.68,8301.49,40190.29,6825.4,722.31,0.01,2275.61,112.67,0,9936.01,30254.29
Nov-17,1734.76,3425.86,42108.39,2565.57,49834.58,400.81,899.4,0.03,2092.45,131.68,1014.58,4538.95,45295.63
Dec-17,15117.51,7468.48,45186.53,5006.57,72779.09,0,828.65,0.34,1630.24,144.85,995.38,3599.46,69179.63
Jan-18,12254.2,10684.19,45020.11,1061.63,69020.14,0,828.58,0,1544.01,144.34,886.51,3403.43,65616.7
Feb-18,13349.43,5644.86,40168.38,1711.23,60873.9,0,774.88,0,1773.71,133.2,0,2681.78,58192.12
Mar-18,8944.54,5783.93,42785.05,5369.53,62883.04,37.34,574.31,0,2109.91,141.52,0,2863.08,60019.96
Apr-18,521.58,678.6,30737.84,8929.49,40867.51,1508.62,703.96,0,1911.32,109.5,0,4233.41,36634.1
May-18,0,36.65,22048.91,2780.99,24866.55,8264.76,831.6,0,1905.75,58.93,0,11061.04,13805.51
Jun-18,0,72.79,18400.96,6215.89,24689.65,2954.11,523.34,0,1733.11,88.79,0,5299.35,19390.3
Jul-18,0,0.02,27297.75,3424.97,30722.74,16065.73,630.2,0,1788.16,68.03,949.5,19501.63,11221.12
Aug-18,0,0,25079.19,2433.13,27512.32,12302.37,823.35,0,1541.35,67.73,0,14734.8,12777.52
Sep-18,0,228.66,18903.66,3506.52,22638.83,7626.53,692.26,0,1770.13,73.72,0,10162.64,12476.19
Oct-18,60.06,684.75,30952.84,10172.28,41869.93,94.84,509.84,0,2165.12,88.76,0,2858.56,39011.36
Nov-18,9.46,1438.6,33902.59,12667.65,48018.3,112.72,690.28,0,2512.87,130.27,0,3446.13,44572.17
Dec-18,388.12,4842.74,38049.45,16516.39,59796.69,0,757.13,0,2515.73,156.99,0,3429.85,56366.84
Jan-19,2755.38,10562.72,41968.92,16330.7,71617.72,0,742.44,0,2848.21,167.6,0,3758.25,67859.47
Feb-19,467.43,3487.44,31684.23,11998.58,47637.67,23.88,630.11,0,2110.57,145.67,0,2910.23,44727.44
Mar-19,5.57,40.59,28852.14,17693.93,46592.22,154.54,694.43,0,2676.78,154.81,0,3680.56,42911.66
Apr-19,0,15.29,21574.68,23429.7,45019.66,5996.2,598.39,0,2755.56,78.24,0,9428.4,35591.27
May-19,0,19.11,17186.57,23038.04,40243.72,13055.98,567.88,0,2760.61,83.8,0,16468.27,23775.45
Jun-19,0,0,27010.8,6692.99,33703.79,11219.43,446.99,0,2421.59,123.07,0,14211.09,19492.69
Jul-19,0,30.98,20313.3,5481.94,25826.22,5860.23,504.16,0,2481.02,69.38,0,8914.8,16911.43
Aug-19,0,297.26,15665.25,866.59,16829.11,4769.7,322.98,0,1806.45,116.33,0,7015.47,9813.64
Sep-19,0,262.1,8610.51,13111.24,21983.86,6412.49,813.03,0,2484.83,125.71,0,9836.06,12147.79
Oct-19,0,576.04,20606.56,19096.71,40279.31,241.01,2491.16,0,3015.17,130.05,0,5877.39,34401.91
Nov-19,588.85,1347.98,30673.27,17379.02,49989.11,0,676.67,0,3401.71,157.21,0,4235.59,45753.52
Dec-19,238.89,930.64,31781.52,30948.9,63899.94,591.61,1672.02,0,3031.58,162.62,0,5457.83,58442.12
Jan-20,0,150.61,19324.73,24277.33,43752.67,186.67,1337.59,0,3334.55,162.27,0,5021.08,38731.59
Feb-20,86.6,788.05,25063.41,20456.14,46394.21,40.76,567.51,0,3096.94,146.27,0,3851.47,42542.74
Mar-20,283.91,173.45,32185.26,24675.78,57318.4,1676.56,511.52,0,3253.15,160.55,0,5601.77,51716.63
Apr-20,0,0,12290.93,25892.32,38183.24,5586.13,4376.57,0,2680.65,73,0,12716.35,25466.89
May-20,0,0,11066.24,21124.75,32190.98,11727.99,5015.76,0,2872.91,90.59,0,19707.25,12483.73
Jun-20,0,0,13007.98,11984.03,24992.01,8726.61,4962.69,0,2651.7,99.75,0,16440.76,8551.25
Jul-20,0,0,17495.21,9118.29,26613.5,5284.44,5294.71,0,2871.07,91.16,0,13541.38,13072.12
Aug-20,0,0,12975.58,9598.67,22574.25,1233.78,4111.82,0,2990.42,110.74,0,8446.76,14127.49
Sep-20,0,0,15806.67,7440.46,23247.13,1120.55,3479.76,0,3323.29,162.62,0,8086.22,15160.91
Oct-20,551.32,2602.83,31620.63,9668.44,44443.23,0,203.73,0,3237.7,162.27,0,3603.71,40839.52
Nov-20,537.21,2560.9,32532.19,17039.87,52670.17,0,554.69,0,3559.85,146.27,0,4260.81,48409.36
Dec-20,2094.49,4796.67,40126.56,18790.39,65808.1,0,503.86,0,4088.27,160.55,0,4752.69,61055.42
Jan-21,13409.78,14120.62,43086.84,8222.83,78840.07,0,499.67,0,4666.07,73,0,5238.74,73601.33
Feb-21,3305.91,5076.79,30976.07,20356.26,59715.03,0,412.45,0,3417.11,90.59,0,3920.15,55794.88
Mar-21,2354.91,1862.85,30737.04,26458.02,61412.82,0,231.09,0,3941.54,99.75,0,4272.38,57140.44
Apr-21,244.06,313.53,28004.68,20156.05,48718.32,0,417.66,0,3630.56,91.16,0,4139.38,44578.94
May-21,533.79,568.38,27018.7,19032.21,47153.09,0,473.7,0,3041.14,110.74,0,3625.58,43527.5
Jun-21,0,0,17412.86,11874.9,29287.76,0,1285.9,0,2827.23,81.81,0,4194.95,25092.82
Jul-21,0,0,23778.62,1703.67,25482.29,0,1554.45,0,3961.09,138.09,0,5653.63,19828.66
Aug-21,0,0,21274.16,1372.06,22646.21,0,1336.12,0,2849.57,136.42,0,4322.11,18324.1
Sep-21,0,0,22272.18,3721.82,25994,3486.78,1611.02,0,2671.82,160.43,0,7930.05,18063.95
Oct-21,0,0,33872.6,11393.59,45266.19,9924.48,3915.74,0,2845.58,170.81,0,16856.61,28409.58
Nov-21,2.07,916.53,36555.02,17002.69,54476.32,2674.43,1069.7,0,3645.67,154.42,0,7544.22,46932.1
Dec-21,214.16,3064.92,40003.28,18569.73,61852.08,3218.35,1173.35,0,3819.9,160.72,0,8372.32,53479.76
Jan-22,581.33,829.53,32835.07,35434.78,69680.71,3032.11,1118.37,0,4364.61,123.94,0,8639.03,61041.68
Feb-22,0,42.56,31288.32,21924.81,53255.68,5925.11,498.61,0,3303.87,127.75,0,9855.33,43400.35
Mar-22,0,68.75,31051.89,24316.64,55437.27,10408.66,498.41,0,3811.88,34.93,0,14753.88,40683.39
Apr-22,0,0,25469.05,33038.4,58507.45,17055.47,5318.18,0,3759.79,12.42,0,26145.85,32361.6
May-22,0,0,25980.7,21636.25,47616.95,19000.23,5613.83,0,3402.68,14.1,0,28030.85,19586.1
Jun-22,0,0,24458.52,15392.95,39851.47,18093.7,5110.81,0,3358.21,33.49,0,26596.21,13255.25
Jul-22,0,0,30099.06,9620.15,39719.2,18507.47,5639.4,0,3713.22,31.85,0,27891.93,11827.27
Aug-22,0,0,27572.09,12349,39921.09,17464.21,5730.43,0,3716,63.79,0,26974.44,12946.66
Sep-22,0,0,17614.95,21108.97,38723.91,18892.53,5050.09,0,3220.09,151.4,0,27314.11,11409.81
Oct-22,0,0,28924.23,20824.21,49748.44,18670.37,5660.66,0,3056.6,132.47,0,27520.09,22228.35
Nov-22,0,0,27248.99,25767.21,53016.2,8793.16,4954.21,0,3623.99,137.16,0,17508.52,35507.68
Dec-22,0,238.41,36154.99,36419.36,72812.76,13283.2,527.29,0,4674.45,149.01,0,18633.94,54178.81
Jan-23,0,68.66,32498.66,31079.36,63646.68,10552.78,443.1,0,4261.57,151.47,0,15408.92,48237.76
Feb-23,0,130.44,27720.48,22868.22,50719.14,11037.49,436.51,0,3749.11,128.27,0,15351.38,35367.75
Mar-23,21,152.94,30280.98,33166.58,63621.49,11218.84,335.15,0,4321.74,156.09,0,16031.82,47589.67
Apr-23,0,0,22665.68,32030.98,54696.66,17917.13,5266.32,0,3566.67,77.8,0,26827.91,27868.75
May-23,0,0,13996.45,28001.95,41998.41,18115.85,5562.72,0,3555.75,115.67,0,27350,14648.41